state_id,state_name,mandi_id,mandi_name,first_enam_trade_date,district,state_clean,meta_mandi_id,adopt_period,adopt_year
37,ANDAMAN AND NICOBAR ISLANDS,5038,ANDAMAN HI TECH KISAN MANDI,2023-03-01,South Andaman,Andaman & Nicobar Islands,1.0,24279.0,2023.0
276,ANDHRA PRADESH,314,ANAKAPALLI,2019-07-01,Anakapalle,Andhra Pradesh,2.0,24235.0,2019.0
276,ANDHRA PRADESH,316,ADONI,2018-10-01,Kurnool,Andhra Pradesh,20.0,24226.0,2018.0
276,ANDHRA PRADESH,289,ANANTHAPURAMU,2018-10-01,Ananthapuramu,Andhra Pradesh,3.0,24226.0,2018.0
276,ANDHRA PRADESH,291,DENDULURU,2018-10-01,Eluru,Andhra Pradesh,14.0,24226.0,2018.0
276,ANDHRA PRADESH,792,BOBBILI APMC,2020-04-01,Vizianagaram,Andhra Pradesh,31.0,24244.0,2020.0
276,ANDHRA PRADESH,793,CHILAKALURIPET APMC,2020-04-01,Palnadu,Andhra Pradesh,25.0,24244.0,2020.0
276,ANDHRA PRADESH,312,DUGGIRALA,2018-10-01,Guntur,Andhra Pradesh,16.0,24226.0,2018.0
276,ANDHRA PRADESH,282,GOPALAPURAM,2018-10-01,West Godavari,Andhra Pradesh,33.0,24226.0,2018.0
276,ANDHRA PRADESH,311,ELURU,2019-06-01,Eluru,Andhra Pradesh,15.0,24234.0,2019.0
276,ANDHRA PRADESH,293,GURRAMKONDA,2018-10-01,Annamayya,Andhra Pradesh,6.0,24226.0,2018.0
276,ANDHRA PRADESH,313,GUNTUR,2018-10-01,Guntur,Andhra Pradesh,17.0,24226.0,2018.0
276,ANDHRA PRADESH,318,HINDUPUR,2018-10-01,Sri Satyasai ,Andhra Pradesh,29.0,24226.0,2018.0
276,ANDHRA PRADESH,794,ICHAPURAM APMC,2020-04-01,Srikakulam,Andhra Pradesh,30.0,24244.0,2020.0
276,ANDHRA PRADESH,292,KALIKIRI,2018-10-01,Annamayya,Andhra Pradesh,7.0,24226.0,2018.0
276,ANDHRA PRADESH,795,JAGGAYYAPET APMC,2020-04-01,NTR,Andhra Pradesh,24.0,24244.0,2020.0
276,ANDHRA PRADESH,320,KADAPA,2018-10-01,YSR Kadapa,Andhra Pradesh,34.0,24226.0,2018.0
276,ANDHRA PRADESH,319,Kalyandurg,2019-02-01,Ananthapuramu,Andhra Pradesh,4.0,24230.0,2019.0
276,ANDHRA PRADESH,288,MADANAPALLE,2018-10-01,Annamayya,Andhra Pradesh,8.0,24226.0,2018.0
276,ANDHRA PRADESH,315,KURNOOL,2018-10-01,Kurnool,Andhra Pradesh,21.0,24226.0,2018.0
276,ANDHRA PRADESH,290,PALAMANER,2018-10-01,Chittoor,Andhra Pradesh,11.0,24226.0,2018.0
276,ANDHRA PRADESH,287,PATTIKONDA,2018-10-01,Kurnool,Andhra Pradesh,22.0,24226.0,2018.0
276,ANDHRA PRADESH,286,PUNGANUR,2018-10-01,Chittoor,Andhra Pradesh,12.0,24226.0,2018.0
276,ANDHRA PRADESH,796,PARCHUR APMC,2020-04-01,Bapatla,Andhra Pradesh,9.0,24244.0,2020.0
276,ANDHRA PRADESH,284,PIDUGURALLA,2018-10-01,Palnadu,Andhra Pradesh,26.0,24226.0,2018.0
276,ANDHRA PRADESH,285,RAPUR,2018-10-01,SPSR Nellore,Andhra Pradesh,28.0,24226.0,2018.0
276,ANDHRA PRADESH,1200,RAVULAPALEM APMC,2020-04-01,Dr BR Ambedkar Konaseema ,Andhra Pradesh,13.0,24244.0,2020.0
276,ANDHRA PRADESH,798,RAYADURG APMC,2020-04-01,Ananthapuramu,Andhra Pradesh,5.0,24244.0,2020.0
276,ANDHRA PRADESH,800,TADIKONDA APMC,2020-04-01,Guntur,Andhra Pradesh,18.0,24244.0,2020.0
276,ANDHRA PRADESH,799,SATTENAPALLE APMC,2020-04-01,Palnadu,Andhra Pradesh,27.0,24244.0,2020.0
276,ANDHRA PRADESH,283,TENALI,2019-07-01,Guntur,Andhra Pradesh,19.0,24235.0,2019.0
276,ANDHRA PRADESH,801,VIZIANAGARAM APMC,2020-04-01,Vizianagaram,Andhra Pradesh,32.0,24244.0,2020.0
276,ANDHRA PRADESH,317,YEMMIGANUR,2018-10-01,Kurnool,Andhra Pradesh,23.0,24226.0,2018.0
276,ANDHRA PRADESH,784,VEMURU BHATTIPROLU,2020-06-01,Bapatla,Andhra Pradesh,10.0,24246.0,2020.0
38,ASSAM,5039,DHING,2023-03-01,Nagaon,Assam,37.0,24279.0,2023.0
38,ASSAM,5041,KHARUPETIA,2023-03-01,Darrang,Assam,35.0,24279.0,2023.0
38,ASSAM,5040,GAURIPUR,2023-03-01,Dhubri,Assam,36.0,24279.0,2023.0
33,BIHAR,4036,ARA,2022-07-01,Bhojpur,Bihar,41.0,24271.0,2022.0
33,BIHAR,4037,BEGUSARAI,2022-07-01,Begusarai,Bihar,40.0,24271.0,2022.0
33,BIHAR,4039,BUXAR,2022-07-01,Buxar,Bihar,42.0,24271.0,2022.0
33,BIHAR,4052,CHHAPRA,2022-07-01,Saran,Bihar,55.0,24271.0,2022.0
33,BIHAR,4038,BIHARSHARIF,2022-07-01,Nalanda,Bihar,50.0,24271.0,2022.0
33,BIHAR,4040,DARBHANGA,2022-07-01,Darbhanga,Bihar,43.0,24271.0,2022.0
33,BIHAR,4041,DAUDNAGAR,2022-07-01,Aurangabad,Bihar,39.0,24271.0,2022.0
33,BIHAR,4042,FORBESGANJ,2022-07-01,Araria,Bihar,38.0,24271.0,2022.0
33,BIHAR,4043,GAYA,2022-07-01,Gaya,Bihar,45.0,24271.0,2022.0
33,BIHAR,4044,GULABBAGH,2022-07-01,Purnia,Bihar,52.0,24271.0,2022.0
33,BIHAR,4045,HAJIPUR,2022-07-01,Vaishali,Bihar,57.0,24271.0,2022.0
33,BIHAR,4046,KATIHAR,2022-07-01,Katihar,Bihar,47.0,24271.0,2022.0
33,BIHAR,4047,MOHANIYA,2022-07-01,Kaimur,Bihar,46.0,24271.0,2022.0
33,BIHAR,4048,MOTIHARI,2022-07-01,East Champaran,Bihar,44.0,24271.0,2022.0
33,BIHAR,4049,MUSALLAHPUR,2022-06-01,Patna,Bihar,51.0,24270.0,2022.0
33,BIHAR,4050,MUZAFFARPUR,2022-06-01,Muzaffarpur,Bihar,49.0,24270.0,2022.0
33,BIHAR,4051,SAMASTIPUR,2022-07-01,Samastipur,Bihar,54.0,24271.0,2022.0
33,BIHAR,4053,SASARAM,2022-07-01,Rohtas,Bihar,53.0,24271.0,2022.0
33,BIHAR,4054,SINGHESWAR,2022-07-01,Madhepura,Bihar,48.0,24271.0,2022.0
526,CHANDIGARH,525,CHANDIGARH SECTOR-26,2018-10-01,South Andaman,Andaman & Nicobar Islands,1.0,24226.0,2018.0
100,CHHATTISGARH,341,BALOD,2018-10-01,Balod,Chhattisgarh,59.0,24226.0,2018.0
33,BIHAR,4055,SITAMARHI,2022-07-01,Sitamarhi,Bihar,56.0,24271.0,2022.0
100,CHHATTISGARH,105,BHATAPARA,2018-10-01,Baloda Bazaar,Chhattisgarh,60.0,24226.0,2018.0
100,CHHATTISGARH,339,BILASPUR,2018-11-01,Bilaspur,Chhattisgarh,63.0,24227.0,2018.0
100,CHHATTISGARH,338,DHAMTARI,2018-10-01,Dhamtari,Chhattisgarh,64.0,24226.0,2018.0
100,CHHATTISGARH,336,DURG,2018-10-01,Durg,Chhattisgarh,66.0,24226.0,2018.0
100,CHHATTISGARH,103,KAWARADHA,2018-10-01,South Andaman,Andaman & Nicobar Islands,1.0,24226.0,2018.0
100,CHHATTISGARH,340,JAGDALPUR,2018-10-01,Bastar,Chhattisgarh,61.0,24226.0,2018.0
100,CHHATTISGARH,104,KURUD,2018-10-01,Dhamtari,Chhattisgarh,65.0,24226.0,2018.0
100,CHHATTISGARH,343,MUNGELI,2018-10-01,Mungeli,Chhattisgarh,73.0,24226.0,2018.0
100,CHHATTISGARH,344,PATELPALI RAIGARH,2018-12-01,Raigarh,Chhattisgarh,74.0,24228.0,2018.0
100,CHHATTISGARH,101,NAVAPARA,2018-10-01,South Andaman,Andaman & Nicobar Islands,1.0,24226.0,2018.0
100,CHHATTISGARH,342,RAJIM,2018-10-01,Gariyaband,Chhattisgarh,67.0,24226.0,2018.0
100,CHHATTISGARH,337,RAIPUR,2018-10-01,Raipur,Chhattisgarh,76.0,24226.0,2018.0
100,CHHATTISGARH,102,RAJNANDGAON,2018-10-01,Rajnandgaon,Chhattisgarh,77.0,24226.0,2018.0
100,CHHATTISGARH,4978,KANKER,2023-03-01,Kanker,Chhattisgarh,70.0,24279.0,2023.0
100,CHHATTISGARH,4979,SARAIPALI,2023-03-01,Mahasamund,Chhattisgarh,72.0,24279.0,2023.0
100,CHHATTISGARH,4980,BEMETARA,2023-03-01,Bemetara,Chhattisgarh,62.0,24279.0,2023.0
100,CHHATTISGARH,4981,KATGHORA,2023-03-01,Korba,Chhattisgarh,71.0,24279.0,2023.0
100,CHHATTISGARH,4982,AMBIKAPUR,2023-03-01,Sarguja,Chhattisgarh,78.0,24279.0,2023.0
100,CHHATTISGARH,4983,JASHPUR,2023-03-01,South Andaman,Andaman & Nicobar Islands,1.0,24279.0,2023.0
34,GOA,3907,CANACONA MARKET YARD,2022-06-01,South Goa,Goa,83.0,24270.0,2022.0
34,GOA,3906,CURCHOREM MARKET YARD,2022-06-01,South Goa,Goa,84.0,24270.0,2022.0
34,GOA,3904,MAPUSA MARKET YARD,2022-06-01,North Goa,Goa,79.0,24270.0,2022.0
34,GOA,3903,MARGAO MAIN MARKET YARD,2022-06-01,South Goa,Goa,85.0,24270.0,2022.0
34,GOA,3908,PONDA MARKET YARD,2022-06-01,North Goa,Goa,80.0,24270.0,2022.0
34,GOA,3902,SANQUELIM MARKET YARD,2022-06-01,North Goa,Goa,81.0,24270.0,2022.0
34,GOA,3901,VALPOI MARKET YARD,2022-06-01,North Goa,Goa,82.0,24270.0,2022.0
22,GUJARAT,553,AMRELI,2018-10-01,Amreli,Gujarat,93.0,24226.0,2018.0
22,GUJARAT,232,AHMEDABAD,2018-10-01,Ahmedabad,Gujarat,86.0,24226.0,2018.0
22,GUJARAT,541,ANAND,2021-09-01,Anand,Gujarat,99.0,24261.0,2021.0
22,GUJARAT,665,ANJAR,2018-11-01,Kutch,Gujarat,164.0,24227.0,2018.0
22,GUJARAT,542,BABRA,2019-01-01,Amreli,Gujarat,94.0,24229.0,2019.0
22,GUJARAT,650,BAGASARA,2022-02-01,Amreli,Gujarat,95.0,24266.0,2022.0
22,GUJARAT,812,BARDOLI APMC,2020-04-01,Surat,Gujarat,206.0,24244.0,2020.0
22,GUJARAT,803,BAVLA APMC,2020-04-01,Ahmedabad,Gujarat,87.0,24244.0,2020.0
22,GUJARAT,834,BAYAD APMC,2020-05-01,Aravalli,Gujarat,104.0,24245.0,2020.0
22,GUJARAT,233,BHABHAR,2019-01-01,Banaskantha,Gujarat,108.0,24229.0,2019.0
22,GUJARAT,543,BHAVNAGAR,2018-10-01,Bhavnagar,Gujarat,120.0,24226.0,2018.0
22,GUJARAT,234,BHESAN,2018-10-01,Junagadh,Gujarat,154.0,24226.0,2018.0
22,GUJARAT,656,BHARUCH,2019-08-01,Bharuch,Gujarat,117.0,24236.0,2019.0
22,GUJARAT,235,BHILODA,2018-10-01,Aravalli,Gujarat,105.0,24226.0,2018.0
22,GUJARAT,555,BODELI,2018-11-01,Chhota Udaipur,Gujarat,130.0,24227.0,2018.0
22,GUJARAT,554,BHUJ,2019-07-01,Kutch,Gujarat,165.0,24235.0,2019.0
22,GUJARAT,652,BORSAD,2018-11-01,Anand,Gujarat,100.0,24227.0,2018.0
22,GUJARAT,236,BILIMORA,2022-02-01,Navsari,Gujarat,183.0,24266.0,2022.0
22,GUJARAT,40,BOTAD,2018-10-01,Botad,Gujarat,128.0,24226.0,2018.0
22,GUJARAT,835,CHIKHLI APMC,2020-04-01,Navsari,Gujarat,184.0,24244.0,2020.0
22,GUJARAT,825,CHOTILA APMC,2020-04-01,Surendranagar,Gujarat,211.0,24244.0,2020.0
22,GUJARAT,237,DAHOD,2018-10-01,Dahod,Gujarat,132.0,24226.0,2018.0
22,GUJARAT,828,DEDIYAPADA APMC,2020-04-01,Narmada,Gujarat,179.0,24244.0,2020.0
22,GUJARAT,238,DEESA,2018-10-01,Banaskantha,Gujarat,109.0,24226.0,2018.0
22,GUJARAT,815,DABHOI APMC,2020-04-01,Vadodara,Gujarat,221.0,24244.0,2020.0
22,GUJARAT,556,DEHGAM,2018-10-01,Gandhinagar,Gujarat,140.0,24226.0,2018.0
22,GUJARAT,830,DEVGADHBARIA APMC,2020-04-01,South Andaman,Andaman & Nicobar Islands,1.0,24244.0,2020.0
22,GUJARAT,239,DHANERA,2019-10-01,Banaskantha,Gujarat,111.0,24238.0,2019.0
22,GUJARAT,802,DHANDHUKA APMC,2020-04-01,Ahmedabad,Gujarat,88.0,24244.0,2020.0
22,GUJARAT,651,DHARI,2019-11-01,Amreli,Gujarat,96.0,24239.0,2019.0
22,GUJARAT,240,DHOALKA,2021-10-01,Ahmedabad,Gujarat,89.0,24262.0,2021.0
22,GUJARAT,544,DHORAJI,2019-07-01,Rajkot,Gujarat,193.0,24235.0,2019.0
22,GUJARAT,241,DHROL,2018-10-01,Jamnagar,Gujarat,149.0,24226.0,2018.0
22,GUJARAT,658,GADHADA,2018-10-01,Botad,Gujarat,129.0,24226.0,2018.0
22,GUJARAT,831,FATEHPURA APMC,2020-04-01,Dahod,Gujarat,134.0,24244.0,2020.0
22,GUJARAT,808,GANDHINAGAR APMC,2020-05-01,Gandhinagar,Gujarat,141.0,24245.0,2020.0
22,GUJARAT,806,GARIYADHAR APMC,2020-05-01,Bhavnagar,Gujarat,121.0,24245.0,2020.0
22,GUJARAT,242,GODHRA,2018-10-01,Panchamahal,Gujarat,187.0,24226.0,2018.0
22,GUJARAT,243,HALVAD,2018-10-01,Morbi,Gujarat,176.0,24226.0,2018.0
22,GUJARAT,669,GONDAL,2018-10-01,Rajkot,Gujarat,194.0,24226.0,2018.0
22,GUJARAT,24,HIMMATNAGAR,2018-10-01,Sabarkantha,Gujarat,201.0,24226.0,2018.0
22,GUJARAT,836,IDAR APMC,2020-05-01,Sabarkantha,Gujarat,202.0,24245.0,2020.0
22,GUJARAT,245,JAMKHAMBHALIYA,2019-08-01,Devbhoomi Dwarka,Gujarat,139.0,24236.0,2019.0
22,GUJARAT,244,JAM JODHPUR,2021-12-01,Jamnagar,Gujarat,150.0,24264.0,2021.0
22,GUJARAT,557,JAMKANDORNA,2021-12-01,Rajkot,Gujarat,195.0,24264.0,2021.0
22,GUJARAT,247,JASDAN,2018-10-01,Rajkot,Gujarat,196.0,24226.0,2018.0
22,GUJARAT,545,JETPUR,2018-10-01,Rajkot,Gujarat,197.0,24226.0,2018.0
22,GUJARAT,246,JAMNAGAR,2019-05-01,Jamnagar,Gujarat,151.0,24233.0,2019.0
22,GUJARAT,248,JUNAGADH,2018-10-01,Junagadh,Gujarat,155.0,24226.0,2018.0
22,GUJARAT,268,JHALOD,2019-07-01,Dahod,Gujarat,135.0,24235.0,2019.0
22,GUJARAT,804,JHAGADIYA APMC,2020-05-01,Bharuch,Gujarat,118.0,24245.0,2020.0
22,GUJARAT,811,KADI APMC,2020-04-01,Mehsana,Gujarat,170.0,24244.0,2020.0
22,GUJARAT,546,KAPADWANJ,2018-10-01,Kheda,Gujarat,158.0,24226.0,2018.0
22,GUJARAT,661,KALAVAD,2022-03-01,Jamnagar,Gujarat,152.0,24267.0,2022.0
22,GUJARAT,558,KALOL,2019-07-01,Gandhinagar,Gujarat,142.0,24235.0,2019.0
22,GUJARAT,547,KARJAN,2021-10-01,Vadodara,Gujarat,223.0,24262.0,2021.0
22,GUJARAT,821,KATHLAL APMC,2020-04-01,Kheda,Gujarat,159.0,24244.0,2020.0
22,GUJARAT,653,KHAMBHAT,2018-10-01,Anand,Gujarat,101.0,24226.0,2018.0
22,GUJARAT,663,KESHOD,2021-12-01,Junagadh,Gujarat,156.0,24264.0,2021.0
22,GUJARAT,249,KODINAR,2019-04-01,Gir Somnath,Gujarat,144.0,24232.0,2019.0
22,GUJARAT,820,KOSAMBA APMC,2020-04-01,Surat,Gujarat,207.0,24244.0,2020.0
22,GUJARAT,833,LIMKHEDA APMC,2020-04-01,Dahod,Gujarat,136.0,24244.0,2020.0
22,GUJARAT,559,LALPUR,2021-12-01,Jamnagar,Gujarat,153.0,24264.0,2021.0
22,GUJARAT,162,MAHUVA,2018-10-01,Bhavnagar,Gujarat,122.0,24226.0,2018.0
22,GUJARAT,162,MAHUVA,2018-10-01,Surat,Gujarat,208.0,24226.0,2018.0
22,GUJARAT,664,MAHEMDAVAD,2018-10-01,Kheda,Gujarat,160.0,24226.0,2018.0
22,GUJARAT,813,MAHUVA APMC GJ,2020-04-01,South Andaman,Andaman & Nicobar Islands,1.0,24244.0,2020.0
22,GUJARAT,837,LUNAWADA APMC,2020-05-01,Mahisagar,Gujarat,168.0,24245.0,2020.0
22,GUJARAT,819,MANADAL APMC,2020-04-01,South Andaman,Andaman & Nicobar Islands,1.0,24244.0,2020.0
22,GUJARAT,548,MEHSANA,2018-10-01,Mehsana,Gujarat,171.0,24226.0,2018.0
22,GUJARAT,560,MORBI,2019-01-01,Morbi,Gujarat,177.0,24229.0,2019.0
22,GUJARAT,816,MATAR APMC,2020-04-01,Kheda,Gujarat,161.0,24244.0,2020.0
22,GUJARAT,809,MANDVI APMC,2020-04-01,Kutch,Gujarat,166.0,24244.0,2020.0
22,GUJARAT,809,MANDVI APMC,2020-04-01,Surat,Gujarat,209.0,24244.0,2020.0
22,GUJARAT,565,MODASA,2018-10-01,Aravalli,Gujarat,107.0,24226.0,2018.0
22,GUJARAT,549,NADIAD,2019-01-01,Kheda,Gujarat,162.0,24229.0,2019.0
22,GUJARAT,251,NIZAR,2018-10-01,Tapi,Gujarat,216.0,24226.0,2018.0
22,GUJARAT,838,NAVSARI APMC,2020-05-01,Navsari,Gujarat,185.0,24245.0,2020.0
22,GUJARAT,561,PALANPUR,2019-01-01,Banaskantha,Gujarat,113.0,24229.0,2019.0
22,GUJARAT,673,PADARA,2019-01-01,Vadodara,Gujarat,224.0,24229.0,2019.0
22,GUJARAT,655,PANTHAWADA,2018-10-01,Banaskantha,Gujarat,114.0,24226.0,2018.0
22,GUJARAT,45,PATAN,2018-10-01,Patan,Gujarat,189.0,24226.0,2018.0
22,GUJARAT,805,PALITANA APMC,2020-04-01,Bhavnagar,Gujarat,123.0,24244.0,2020.0
22,GUJARAT,822,PATDI APMC,2020-04-01,Surendranagar,Gujarat,213.0,24244.0,2020.0
22,GUJARAT,252,PAVI-JETPUR,2018-11-01,Chhota Udaipur,Gujarat,131.0,24227.0,2018.0
22,GUJARAT,253,PETALAD,2019-11-01,Anand,Gujarat,102.0,24239.0,2019.0
22,GUJARAT,254,PORBANDAR,2018-10-01,Porbandar,Gujarat,192.0,24226.0,2018.0
22,GUJARAT,824,PRANTIJ APMC,2020-04-01,Sabarkantha,Gujarat,203.0,24244.0,2020.0
22,GUJARAT,255,RAJKOT,2018-10-01,Rajkot,Gujarat,198.0,24226.0,2018.0
22,GUJARAT,550,RAJULA,2018-10-01,Amreli,Gujarat,97.0,24226.0,2018.0
22,GUJARAT,839,RADHANPUR APMC,2020-04-01,Patan,Gujarat,190.0,24244.0,2020.0
22,GUJARAT,666,RAPAR,2019-08-01,Kutch,Gujarat,167.0,24236.0,2019.0
22,GUJARAT,827,RAJPIPLA APMC,2020-04-01,Narmada,Gujarat,180.0,24244.0,2020.0
22,GUJARAT,256,SANAND,2019-05-01,Ahmedabad,Gujarat,91.0,24233.0,2019.0
22,GUJARAT,257,SAVARKUNDLA,2018-12-01,Amreli,Gujarat,98.0,24228.0,2018.0
22,GUJARAT,258,SAVLI,2018-10-01,Vadodara,Gujarat,225.0,24226.0,2018.0
22,GUJARAT,832,SANJELI APMC,2020-04-01,Dahod,Gujarat,137.0,24244.0,2020.0
22,GUJARAT,551,SIDDHPUR,2018-10-01,Patan,Gujarat,191.0,24226.0,2018.0
22,GUJARAT,826,SELAMBA APMC,2020-04-01,South Andaman,Andaman & Nicobar Islands,1.0,24244.0,2020.0
22,GUJARAT,814,SONGADH APMC,2020-05-01,Tapi,Gujarat,217.0,24245.0,2020.0
22,GUJARAT,818,SIHOR APMC,2020-05-01,Bhavnagar,Gujarat,124.0,24245.0,2020.0
22,GUJARAT,259,TALOD,2018-10-01,Sabarkantha,Gujarat,204.0,24226.0,2018.0
22,GUJARAT,552,TARAPUR,2018-10-01,Anand,Gujarat,103.0,24226.0,2018.0
22,GUJARAT,840,TALAJA APMC,2020-05-01,Bhavnagar,Gujarat,125.0,24245.0,2020.0
22,GUJARAT,260,THARA,2018-10-01,Banaskantha,Gujarat,115.0,24226.0,2018.0
22,GUJARAT,261,THARAD,2018-10-01,Banaskantha,Gujarat,116.0,24226.0,2018.0
22,GUJARAT,823,THASRA APMC,2020-04-01,Kheda,Gujarat,163.0,24244.0,2020.0
22,GUJARAT,829,TILAKWADA APMC,2020-04-01,South Andaman,Andaman & Nicobar Islands,1.0,24244.0,2020.0
22,GUJARAT,841,UNA APMC,2020-04-01,Gir Somnath,Gujarat,146.0,24244.0,2020.0
22,GUJARAT,807,UMRALA APMC,2020-05-01,Bhavnagar,Gujarat,126.0,24245.0,2020.0
22,GUJARAT,262,VADHVAN,2018-10-01,South Andaman,Andaman & Nicobar Islands,1.0,24226.0,2018.0
22,GUJARAT,562,UPLETA,2019-07-01,Rajkot,Gujarat,199.0,24235.0,2019.0
22,GUJARAT,810,UNAVA APMC,2020-04-01,Mehsana,Gujarat,172.0,24244.0,2020.0
22,GUJARAT,842,VADALI APMC,2020-04-01,Sabarkantha,Gujarat,205.0,24244.0,2020.0
22,GUJARAT,263,VADODARA,2018-11-01,Vadodara,Gujarat,226.0,24227.0,2018.0
22,GUJARAT,843,VALIA APMC,2020-04-01,Bharuch,Gujarat,119.0,24244.0,2020.0
22,GUJARAT,264,VALSAD,2018-11-01,Valsad,Gujarat,229.0,24227.0,2018.0
22,GUJARAT,817,VALABHIPUR APMC,2020-05-01,Bhavnagar,Gujarat,127.0,24245.0,2020.0
22,GUJARAT,265,VIJAPUR,2018-10-01,Mehsana,Gujarat,174.0,24226.0,2018.0
22,GUJARAT,563,VINCHHIYA,2018-10-01,Rajkot,Gujarat,200.0,24226.0,2018.0
22,GUJARAT,266,VISAVADAR,2018-10-01,Junagadh,Gujarat,157.0,24226.0,2018.0
22,GUJARAT,267,VISNAGAR,2018-10-01,Mehsana,Gujarat,175.0,24226.0,2018.0
22,GUJARAT,564,VYARA,2019-07-01,Tapi,Gujarat,220.0,24235.0,2019.0
22,GUJARAT,844,WANKANER APMC,2020-04-01,Morbi,Gujarat,178.0,24244.0,2020.0
22,GUJARAT,5053,AHWA,2023-03-01,Dang,Gujarat,138.0,24279.0,2023.0
22,GUJARAT,5054,DESAR,2023-03-01,Vadodara,Gujarat,222.0,24279.0,2023.0
22,GUJARAT,5055,DHANGADRA,2023-03-01,South Andaman,Andaman & Nicobar Islands,1.0,24279.0,2023.0
22,GUJARAT,5057,KUKARMUDA,2023-03-01,South Andaman,Andaman & Nicobar Islands,1.0,24279.0,2023.0
22,GUJARAT,5056,KAPRADA,2023-03-01,Valsad,Gujarat,227.0,24279.0,2023.0
22,GUJARAT,5058,MANDVI,2023-03-01,Kutch,Gujarat,166.0,24279.0,2023.0
22,GUJARAT,5058,MANDVI,2023-03-01,Surat,Gujarat,209.0,24279.0,2023.0
22,GUJARAT,5059,PARDI,2023-03-01,Valsad,Gujarat,228.0,24279.0,2023.0
22,GUJARAT,5060,UNCHAL,2023-03-01,South Andaman,Andaman & Nicobar Islands,1.0,24279.0,2023.0
22,GUJARAT,5061,VASDA,2023-03-01,Navsari,Gujarat,186.0,24279.0,2023.0
22,GUJARAT,5064,VERAVAL,2023-03-01,Gir Somnath,Gujarat,147.0,24279.0,2023.0
22,GUJARAT,5093,TALALAGIR,2023-03-01,Gir Somnath,Gujarat,145.0,24279.0,2023.0
22,GUJARAT,5094,BHANVAD,2023-03-01,Jamnagar,Gujarat,148.0,24279.0,2023.0
22,GUJARAT,5096,MAANSA,2023-03-01,South Andaman,Andaman & Nicobar Islands,1.0,24279.0,2023.0
22,GUJARAT,5095,LAKHANI,2023-03-01,South Andaman,Andaman & Nicobar Islands,1.0,24279.0,2023.0
22,GUJARAT,5097,MALPUR,2023-03-01,Aravalli,Gujarat,106.0,24279.0,2023.0
22,GUJARAT,5098,VIRAMGAM,2023-03-01,Ahmedabad,Gujarat,92.0,24279.0,2023.0
22,GUJARAT,5128,CHANASMA ,2023-03-01,Patan,Gujarat,188.0,24279.0,2023.0
22,GUJARAT,5129,DEODAR,2023-03-01,Banaskantha,Gujarat,110.0,24279.0,2023.0
22,GUJARAT,5131,UNJHA,2023-03-01,Mehsana,Gujarat,173.0,24279.0,2023.0
22,GUJARAT,5130,SURAT,2023-03-01,Surat,Gujarat,210.0,24279.0,2023.0
22,GUJARAT,5132,VALOD,2023-03-01,Tapi,Gujarat,219.0,24279.0,2023.0
32,HARYANA,132,ADAMPUR,2018-10-01,Hisar,Haryana,257.0,24226.0,2018.0
22,GUJARAT,5133,VIRPUR,2023-03-01,Mahisagar,Gujarat,169.0,24279.0,2023.0
32,HARYANA,59,AMBALA,2018-10-01,Ambala,Haryana,230.0,24226.0,2018.0
32,HARYANA,3931,ALEWA,2022-06-01,Jind,Haryana,267.0,24270.0,2022.0
32,HARYANA,277,ASANDH,2018-10-01,Karnal,Haryana,281.0,24226.0,2018.0
32,HARYANA,995,AMBALA CANTT. APMC,2020-05-01,Ambala,Haryana,231.0,24245.0,2020.0
32,HARYANA,996,ATELI APMC,2020-05-01,Mohindergarh,Haryana,301.0,24245.0,2020.0
32,HARYANA,3932,BABAIN,2022-06-01,Kurukshetra,Haryana,290.0,24270.0,2022.0
32,HARYANA,3933,BAHADURGARH,2022-06-01,Jhajjar,Haryana,264.0,24270.0,2022.0
32,HARYANA,3935,BALLABGARH,2022-06-01,Faridabad,Haryana,243.0,24270.0,2022.0
32,HARYANA,3936,BAPOLI,2022-06-01,Panipat,Haryana,312.0,24270.0,2022.0
32,HARYANA,364,BARWALA HISAR,2018-10-01,Hisar,Haryana,258.0,24226.0,2018.0
32,HARYANA,3937,BARARA,2022-06-01,Ambala,Haryana,232.0,24270.0,2022.0
32,HARYANA,997,BARWALA PANCHKULA APMC,2020-05-01,Panchkula,Haryana,309.0,24245.0,2020.0
32,HARYANA,3939,BEHAL,2022-06-01,Bhiwani,Haryana,236.0,24270.0,2022.0
32,HARYANA,3938,BASS,2022-06-01,Hisar,Haryana,259.0,24270.0,2022.0
32,HARYANA,368,BHIWANI,2018-10-01,Bhiwani,Haryana,237.0,24226.0,2018.0
32,HARYANA,3940,BERI,2022-06-01,Jhajjar,Haryana,265.0,24270.0,2022.0
32,HARYANA,998,BHATTU KALAN APMC,2020-05-01,Fatehabad,Haryana,247.0,24245.0,2020.0
32,HARYANA,3941,BHUNA,2022-06-01,Fatehabad,Haryana,248.0,24270.0,2022.0
32,HARYANA,112,CH DADRI,2018-10-01,South Andaman,Andaman & Nicobar Islands,1.0,24226.0,2018.0
32,HARYANA,356,CHEEKA,2018-10-01,Kaithal,Haryana,274.0,24226.0,2018.0
32,HARYANA,369,CHHACHHRAULI,2018-10-01,Yamuna Nagar,Haryana,332.0,24226.0,2018.0
32,HARYANA,367,DHAND,2018-10-01,Kaithal,Haryana,275.0,24226.0,2018.0
32,HARYANA,125,DABWALI,2018-10-01,Sirsa,Haryana,322.0,24226.0,2018.0
32,HARYANA,54,ELLANABAD,2018-10-01,Sirsa,Haryana,324.0,24226.0,2018.0
32,HARYANA,3942,DING,2022-06-01,Sirsa,Haryana,323.0,24270.0,2022.0
32,HARYANA,359,FARIDABAD,2018-10-01,Faridabad,Haryana,244.0,24226.0,2018.0
32,HARYANA,357,FATEHABAD,2018-10-01,Fatehabad,Haryana,249.0,24226.0,2018.0
32,HARYANA,129,GANAUR,2018-10-01,Sonipat,Haryana,328.0,24226.0,2018.0
32,HARYANA,3944,FARRUKHNAGAR,2022-06-01,Gurugram,Haryana,253.0,24270.0,2022.0
32,HARYANA,110,GHARAUNDA,2018-10-01,Karnal,Haryana,282.0,24226.0,2018.0
32,HARYANA,999,FEROZPUR JHIRKA APMC,2020-05-01,Mewat (Nuh),Haryana,297.0,24245.0,2020.0
32,HARYANA,128,GOHANA,2018-10-01,Sonipat,Haryana,329.0,24226.0,2018.0
32,HARYANA,360,GURGAON,2018-10-01,South Andaman,Andaman & Nicobar Islands,1.0,24226.0,2018.0
32,HARYANA,131,HANSI,2018-10-01,Hisar,Haryana,260.0,24226.0,2018.0
32,HARYANA,363,HODAL,2018-10-01,Palwal,Haryana,307.0,24226.0,2018.0
32,HARYANA,3946,HATHIN,2022-06-01,Palawal,Haryana,305.0,24270.0,2022.0
32,HARYANA,3945,HASSANPUR,2022-06-01,Palwal,Haryana,306.0,24270.0,2022.0
32,HARYANA,295,INDRI,2018-10-01,Karnal,Haryana,283.0,24226.0,2018.0
32,HARYANA,1000,HISAR APMC,2020-05-01,Hisar,Haryana,261.0,24245.0,2020.0
32,HARYANA,124,ISMAILABAD,2018-10-01,Kurukshetra,Haryana,291.0,24226.0,2018.0
32,HARYANA,1001,ISRANA APMC,2020-05-01,Panipat,Haryana,313.0,24245.0,2020.0
32,HARYANA,361,JHAJJAR,2018-10-01,Jhajjar,Haryana,266.0,24226.0,2018.0
32,HARYANA,433,JAKHAL,2018-10-01,Fatehabad,Haryana,250.0,24226.0,2018.0
32,HARYANA,1002,JAGADHRI APMC,2020-05-01,South Andaman,Andaman & Nicobar Islands,1.0,24245.0,2020.0
32,HARYANA,114,JULANA,2018-10-01,Jind,Haryana,269.0,24226.0,2018.0
32,HARYANA,120,JIND,2018-10-01,Jind,Haryana,268.0,24226.0,2018.0
32,HARYANA,3947,JUI,2022-06-01,Bhiwani,Haryana,238.0,24270.0,2022.0
32,HARYANA,108,KAITHAL,2018-10-01,Kaithal,Haryana,276.0,24226.0,2018.0
32,HARYANA,3948,JUNDLA,2022-06-01,Karnal,Haryana,284.0,24270.0,2022.0
32,HARYANA,365,KALAYAT,2018-10-01,Kaithal,Haryana,277.0,24226.0,2018.0
32,HARYANA,123,KALANWALI,2018-10-01,Sirsa,Haryana,325.0,24226.0,2018.0
32,HARYANA,53,KARNAL,2018-10-01,Karnal,Haryana,285.0,24226.0,2018.0
32,HARYANA,1003,KANINA APMC,2020-05-01,Mohindergarh,Haryana,302.0,24245.0,2020.0
32,HARYANA,3951,KHARKHODA,2022-06-01,Sonipat,Haryana,330.0,24270.0,2022.0
32,HARYANA,1004,KOSLI APMC,2020-05-01,Rewari,Haryana,317.0,24245.0,2020.0
32,HARYANA,122,LADWA,2018-10-01,Kurukshetra,Haryana,292.0,24226.0,2018.0
32,HARYANA,3952,LOHARU,2022-06-01,Bhiwani,Haryana,239.0,24270.0,2022.0
32,HARYANA,117,MADLAUDA,2018-10-01,Panipat,Haryana,314.0,24226.0,2018.0
32,HARYANA,1006,MOHINDERGARH APMC,2020-05-01,Mohindergarh,Haryana,303.0,24245.0,2020.0
32,HARYANA,1005,MEHAM APMC,2020-05-01,Rohtak,Haryana,319.0,24245.0,2020.0
32,HARYANA,106,MULLANA,2018-11-01,Ambala,Haryana,233.0,24227.0,2018.0
32,HARYANA,3953,MOHNA,2022-06-01,Faridabad,Haryana,245.0,24270.0,2022.0
32,HARYANA,1007,NARAINGARH APMC,2020-05-01,Ambala,Haryana,234.0,24245.0,2020.0
32,HARYANA,370,NARNAUND,2018-10-01,Hisar,Haryana,262.0,24226.0,2018.0
32,HARYANA,3954,MUSTAFABAD,2022-06-01,Yamuna Nagar,Haryana,334.0,24270.0,2022.0
32,HARYANA,118,NARWANA,2018-10-01,Jind,Haryana,270.0,24226.0,2018.0
32,HARYANA,1008,NARNAUL APMC,2020-05-01,Mohindergarh,Haryana,304.0,24245.0,2020.0
32,HARYANA,111,NISSING,2018-10-01,Karnal,Haryana,288.0,24226.0,2018.0
32,HARYANA,1009,NIGDHU APMC,2020-05-01,Karnal,Haryana,286.0,24245.0,2020.0
32,HARYANA,1010,NILOKHERI APMC,2020-05-01,Karnal,Haryana,287.0,24245.0,2020.0
32,HARYANA,366,PALWAL,2018-10-01,Palwal,Haryana,308.0,24226.0,2018.0
32,HARYANA,1011,NUH APMC,2020-05-01,Mewat (Nuh),Haryana,298.0,24245.0,2020.0
32,HARYANA,1012,PAI APMC,2020-05-01,Kaithal,Haryana,278.0,24245.0,2020.0
32,HARYANA,113,PANIPAT,2018-10-01,Panipat,Haryana,315.0,24226.0,2018.0
32,HARYANA,1013,PANCHKULA APMC,2020-05-01,Panchkula,Haryana,310.0,24245.0,2020.0
32,HARYANA,121,PEHOWA,2018-10-01,Kurukshetra,Haryana,293.0,24226.0,2018.0
32,HARYANA,362,PILLUKHERA,2018-10-01,Jind,Haryana,271.0,24226.0,2018.0
32,HARYANA,278,PUNDRI,2018-10-01,Kaithal,Haryana,279.0,24226.0,2018.0
32,HARYANA,3955,PATAUDI,2022-06-01,Gurugram,Haryana,255.0,24270.0,2022.0
32,HARYANA,1014,PIPLI APMC,2020-05-01,Kurukshetra,Haryana,294.0,24245.0,2020.0
32,HARYANA,1016,RAIPUR RANI APMC,2020-05-01,Panchkula,Haryana,311.0,24245.0,2020.0
32,HARYANA,279,RANIA,2018-10-01,Sirsa,Haryana,326.0,24226.0,2018.0
32,HARYANA,3956,RADAUR,2022-06-01,Yamuna Nagar,Haryana,335.0,24270.0,2022.0
32,HARYANA,1015,PUNHANA APMC,2020-05-01,Mewat (Nuh),Haryana,299.0,24245.0,2020.0
32,HARYANA,130,RATIA,2018-10-01,Fatehabad,Haryana,251.0,24226.0,2018.0
32,HARYANA,109,REWARI,2018-10-01,Rewari,Haryana,318.0,24226.0,2018.0
32,HARYANA,107,ROHTAK,2018-10-01,Rohtak,Haryana,320.0,24226.0,2018.0
32,HARYANA,1017,SADHAURA APMC,2020-05-01,Yamuna Nagar,Haryana,336.0,24245.0,2020.0
32,HARYANA,116,SAFIDON,2018-10-01,Jind,Haryana,272.0,24226.0,2018.0
32,HARYANA,115,SAMALKHA,2018-10-01,Panipat,Haryana,316.0,24226.0,2018.0
32,HARYANA,60,SHAHBAD,2018-10-01,Kurukshetra,Haryana,295.0,24226.0,2018.0
32,HARYANA,3957,SAMPLA,2022-06-01,Rohtak,Haryana,321.0,24270.0,2022.0
32,HARYANA,280,SIRSA,2018-10-01,Sirsa,Haryana,327.0,24226.0,2018.0
32,HARYANA,1018,SHAHZADPUR APMC,2020-05-01,Ambala,Haryana,235.0,24245.0,2020.0
32,HARYANA,371,SIWANI,2018-10-01,Bhiwani,Haryana,240.0,24226.0,2018.0
32,HARYANA,3958,SIWAN,2022-06-01,Kaithal,Haryana,280.0,24270.0,2022.0
32,HARYANA,126,SONEPAT,2018-10-01,Sonipat,Haryana,331.0,24226.0,2018.0
32,HARYANA,127,TARAORI,2018-10-01,Karnal,Haryana,289.0,24226.0,2018.0
32,HARYANA,3959,SOHNA,2022-06-01,Gurugram,Haryana,256.0,24270.0,2022.0
32,HARYANA,119,THANESAR,2018-10-01,Kurukshetra,Haryana,296.0,24226.0,2018.0
32,HARYANA,281,TOHANA,2018-10-01,Fatehabad,Haryana,252.0,24226.0,2018.0
32,HARYANA,3960,TIGAON,2022-06-01,Faridabad,Haryana,246.0,24270.0,2022.0
32,HARYANA,1019,TAURU APMC,2020-05-01,Mewat (Nuh),Haryana,300.0,24245.0,2020.0
32,HARYANA,358,UCHANA,2018-10-01,Jind,Haryana,273.0,24226.0,2018.0
32,HARYANA,3961,TOSHAM,2022-06-01,Bhiwani,Haryana,241.0,24270.0,2022.0
43,HIMACHAL PRADESH,375,BANDROL,2018-10-01,Kullu,Himachal Pradesh,348.0,24226.0,2018.0
32,HARYANA,1020,UKLANA APMC,2020-05-01,Hisar,Haryana,263.0,24245.0,2020.0
32,HARYANA,1021,YAMUNA NAGAR APMC,2020-05-01,Yamuna Nagar,Haryana,337.0,24245.0,2020.0
43,HIMACHAL PRADESH,3896,BAIJNATH,2022-06-01,Kangra,Himachal Pradesh,342.0,24270.0,2022.0
43,HIMACHAL PRADESH,269,BHUNTAR,2018-10-01,Kullu,Himachal Pradesh,349.0,24226.0,2018.0
43,HIMACHAL PRADESH,383,CHAMBA,2018-10-01,Chamba,Himachal Pradesh,339.0,24226.0,2018.0
43,HIMACHAL PRADESH,273,BHATTAKUFAR DHALLI,2019-08-01,Shimla,Himachal Pradesh,358.0,24236.0,2019.0
43,HIMACHAL PRADESH,3892,CHAILCHOWK,2022-06-01,South Andaman,Andaman & Nicobar Islands,1.0,24270.0,2022.0
43,HIMACHAL PRADESH,44,DHALLI SHIMLA,2018-10-01,Shimla,Himachal Pradesh,359.0,24226.0,2018.0
43,HIMACHAL PRADESH,3894,DHANOTU,2022-06-01,Mandi,Himachal Pradesh,354.0,24270.0,2022.0
43,HIMACHAL PRADESH,3895,DHARAMSHALA,2022-06-01,South Andaman,Andaman & Nicobar Islands,1.0,24270.0,2022.0
43,HIMACHAL PRADESH,380,HAMIRPUR,2018-10-01,Hamirpur,Himachal Pradesh,340.0,24226.0,2018.0
43,HIMACHAL PRADESH,42,FRUIT MANDI SOLAN,2018-10-01,South Andaman,Andaman & Nicobar Islands,1.0,24226.0,2018.0
43,HIMACHAL PRADESH,377,KANGRA,2018-10-01,Kangra,Himachal Pradesh,345.0,24226.0,2018.0
43,HIMACHAL PRADESH,379,MANDI,2018-10-01,Mandi,Himachal Pradesh,355.0,24226.0,2018.0
43,HIMACHAL PRADESH,272,KANGRA JASSOUR,2018-10-01,South Andaman,Andaman & Nicobar Islands,1.0,24226.0,2018.0
43,HIMACHAL PRADESH,3893,KHARAPATHAR,2022-06-01,South Andaman,Andaman & Nicobar Islands,1.0,24270.0,2022.0
43,HIMACHAL PRADESH,378,PALAMPUR,2018-10-01,Kangra,Himachal Pradesh,347.0,24226.0,2018.0
43,HIMACHAL PRADESH,374,PAONTA SAHIB,2018-10-01,Sirmaur,Himachal Pradesh,367.0,24226.0,2018.0
43,HIMACHAL PRADESH,3889,MEHANDLI,2022-06-01,South Andaman,Andaman & Nicobar Islands,1.0,24270.0,2022.0
43,HIMACHAL PRADESH,373,PARALA,2018-10-01,Shimla,Himachal Pradesh,362.0,24226.0,2018.0
43,HIMACHAL PRADESH,376,PATIKUHAL,2018-10-01,South Andaman,Andaman & Nicobar Islands,1.0,24226.0,2018.0
43,HIMACHAL PRADESH,372,ROHRU,2018-10-01,South Andaman,Andaman & Nicobar Islands,1.0,24226.0,2018.0
43,HIMACHAL PRADESH,382,SANTOSHGARH,2018-10-01,Una,Himachal Pradesh,373.0,24226.0,2018.0
43,HIMACHAL PRADESH,271,TAKOLI,2018-10-01,Mandi,Himachal Pradesh,357.0,24226.0,2018.0
43,HIMACHAL PRADESH,270,SOLAN PARWANOO,2018-10-01,South Andaman,Andaman & Nicobar Islands,1.0,24226.0,2018.0
43,HIMACHAL PRADESH,381,UNA,2018-10-01,Una,Himachal Pradesh,375.0,24226.0,2018.0
43,HIMACHAL PRADESH,3891,TAPRI,2022-06-01,South Andaman,Andaman & Nicobar Islands,1.0,24270.0,2022.0
43,HIMACHAL PRADESH,5017,SMY NERWA ,2023-03-01,South Andaman,Andaman & Nicobar Islands,1.0,24279.0,2023.0
43,HIMACHAL PRADESH,5018,SMY NADAUN ,2023-03-01,South Andaman,Andaman & Nicobar Islands,1.0,24279.0,2023.0
43,HIMACHAL PRADESH,5019,SMY KULLU,2023-03-01,South Andaman,Andaman & Nicobar Islands,1.0,24279.0,2023.0
43,HIMACHAL PRADESH,5020,SMY SHAAT,2023-03-01,South Andaman,Andaman & Nicobar Islands,1.0,24279.0,2023.0
43,HIMACHAL PRADESH,5026,SMY WAKHNAGHAT,2023-03-01,South Andaman,Andaman & Nicobar Islands,1.0,24279.0,2023.0
43,HIMACHAL PRADESH,5021,SMY CHOURIBIHAL,2023-03-01,South Andaman,Andaman & Nicobar Islands,1.0,24279.0,2023.0
43,HIMACHAL PRADESH,5031,SMY DHARAMPUR,2023-03-01,South Andaman,Andaman & Nicobar Islands,1.0,24279.0,2023.0
43,HIMACHAL PRADESH,5032,SMY NAGROTA BAGWAN,2023-03-01,South Andaman,Andaman & Nicobar Islands,1.0,24279.0,2023.0
43,HIMACHAL PRADESH,5033,SMY TAKARLA,2023-03-01,South Andaman,Andaman & Nicobar Islands,1.0,24279.0,2023.0
43,HIMACHAL PRADESH,5035,SMY RAJGARH,2023-03-01,South Andaman,Andaman & Nicobar Islands,1.0,24279.0,2023.0
43,HIMACHAL PRADESH,5034,PMY NAHAN,2023-03-01,South Andaman,Andaman & Nicobar Islands,1.0,24279.0,2023.0
43,HIMACHAL PRADESH,5037,PMY BILASPUR,2023-03-01,South Andaman,Andaman & Nicobar Islands,1.0,24279.0,2023.0
696,JAMMU AND KASHMIR,3876,CHARARISHARIEF,2022-06-01,Chararisharief,Jammu & Kashmir,378.0,24270.0,2022.0
696,JAMMU AND KASHMIR,3875,ANANTNAG,2022-06-01,Anantnag,Jammu & Kashmir,376.0,24270.0,2022.0
696,JAMMU AND KASHMIR,3877,HANDWARA,2022-06-01,Handwara,Jammu & Kashmir,380.0,24270.0,2022.0
696,JAMMU AND KASHMIR,3878,KATHUA,2022-06-01,Kathua,Jammu & Kashmir,382.0,24270.0,2022.0
696,JAMMU AND KASHMIR,1371,NARWAL,2020-05-01,Jammu,Jammu & Kashmir,381.0,24245.0,2020.0
696,JAMMU AND KASHMIR,1372,PARIMPORA SGR,2020-05-01,Srinagar,Jammu & Kashmir,390.0,24245.0,2020.0
696,JAMMU AND KASHMIR,3879,KULGAM,2022-06-01,Kulgam,Jammu & Kashmir,383.0,24270.0,2022.0
696,JAMMU AND KASHMIR,3880,PULWAMA,2022-06-01,Pulwama,Jammu & Kashmir,385.0,24270.0,2022.0
696,JAMMU AND KASHMIR,3881,SHOPIAN,2022-06-01,Shopian,Jammu & Kashmir,388.0,24270.0,2022.0
696,JAMMU AND KASHMIR,3883,UDHAMPUR,2022-06-01,Udhampur,Jammu & Kashmir,391.0,24270.0,2022.0
696,JAMMU AND KASHMIR,3882,SOPORE,2022-07-01,Sopore,Jammu & Kashmir,389.0,24271.0,2022.0
47,JHARKHAND,348,BOKARO,2018-10-01,Bokaro,Jharkhand,392.0,24226.0,2018.0
47,JHARKHAND,350,CHAKULIA,2018-10-01,East Singhbhum,Jharkhand,396.0,24226.0,2018.0
47,JHARKHAND,152,CHAIBASA,2020-01-01,West Singhbhum,Jharkhand,410.0,24241.0,2020.0
47,JHARKHAND,354,DEOGHAR,2018-10-01,Deoghar,Jharkhand,393.0,24226.0,2018.0
47,JHARKHAND,154,DHANBAD,2018-10-01,Dhanbad,Jharkhand,394.0,24226.0,2018.0
47,JHARKHAND,153,DALTENGANJ,2018-10-01,South Andaman,Andaman & Nicobar Islands,1.0,24226.0,2018.0
47,JHARKHAND,355,DUMKA,2018-10-01,Dumka,Jharkhand,395.0,24226.0,2018.0
47,JHARKHAND,351,GRIDIH,2018-10-01,South Andaman,Andaman & Nicobar Islands,1.0,24226.0,2018.0
47,JHARKHAND,349,GARHWA,2018-10-01,Garhwa,Jharkhand,398.0,24226.0,2018.0
47,JHARKHAND,155,GUMLA,2018-10-01,Gumla,Jharkhand,400.0,24226.0,2018.0
47,JHARKHAND,156,JAMSHEDPUR,2018-10-01,East Singhbhum,Jharkhand,397.0,24226.0,2018.0
47,JHARKHAND,353,KODERMA,2018-10-01,Koderma,Jharkhand,402.0,24226.0,2018.0
47,JHARKHAND,157,LOHARDAGA,2018-10-01,Lohardaga,Jharkhand,403.0,24226.0,2018.0
47,JHARKHAND,346,HAZARIBAGH,2018-10-01,Hazaribagh,Jharkhand,401.0,24226.0,2018.0
47,JHARKHAND,52,PANDRA RANCHI,2018-10-01,Ranchi,Jharkhand,407.0,24226.0,2018.0
47,JHARKHAND,352,PAKUR,2018-10-01,Pakur,Jharkhand,404.0,24226.0,2018.0
47,JHARKHAND,345,Ramgarh,2018-10-01,Ramgarh,Jharkhand,406.0,24226.0,2018.0
47,JHARKHAND,347,SAHEBGANJ,2019-08-01,Sahebganj,Jharkhand,408.0,24236.0,2019.0
47,JHARKHAND,159,SIMDEGA,2019-06-01,Simdega,Jharkhand,409.0,24234.0,2019.0
695,KARNATAKA,1368,APMC CHINCHOLI,2020-04-01,South Andaman,Andaman & Nicobar Islands,1.0,24244.0,2020.0
695,KARNATAKA,1366,APMC KALBURGI,2020-04-01,South Andaman,Andaman & Nicobar Islands,1.0,24244.0,2020.0
695,KARNATAKA,5012,CHANNAGIRI ,2023-03-01,Davanagere,Karnataka,412.0,24279.0,2023.0
695,KARNATAKA,5014,APMC YARD SAUNDATTI,2023-03-01,South Andaman,Andaman & Nicobar Islands,1.0,24279.0,2023.0
695,KARNATAKA,5015,APMC TIPTUR,2023-03-01,Tumkur,Karnataka,415.0,24279.0,2023.0
694,KERALA,1357,ARWM MUVATTUPUZHA,2020-05-01,South Andaman,Andaman & Nicobar Islands,1.0,24245.0,2020.0
694,KERALA,1362,ARWM NEDUMANGAD,2020-05-01,South Andaman,Andaman & Nicobar Islands,1.0,24245.0,2020.0
694,KERALA,1361,ARWM SULTAN BARTHERY,2020-05-01,South Andaman,Andaman & Nicobar Islands,1.0,24245.0,2020.0
20,MADHYA PRADESH,406,AGAR,2018-10-01,Agar Malwa,Madhya Pradesh,422.0,24226.0,2018.0
694,KERALA,1359,AUWM ANAYARA,2020-05-01,South Andaman,Andaman & Nicobar Islands,1.0,24245.0,2020.0
694,KERALA,1360,AUWM VENGERI,2020-05-01,South Andaman,Andaman & Nicobar Islands,1.0,24245.0,2020.0
694,KERALA,1358,AUWM MARADU,2020-05-01,South Andaman,Andaman & Nicobar Islands,1.0,24245.0,2020.0
20,MADHYA PRADESH,4063,ALIRAJPUR,2022-07-01,Alirajpur,Madhya Pradesh,423.0,24271.0,2022.0
20,MADHYA PRADESH,3912,AMARPATAN,2022-07-01,Satna,Madhya Pradesh,532.0,24271.0,2022.0
20,MADHYA PRADESH,4165,ANUPPUR,2022-07-01,Anuppur,Madhya Pradesh,425.0,24271.0,2022.0
20,MADHYA PRADESH,133,ASHOKNAGAR,2018-10-01,South Andaman,Andaman & Nicobar Islands,1.0,24226.0,2018.0
20,MADHYA PRADESH,4057,ARON,2022-07-01,Guna,Madhya Pradesh,462.0,24271.0,2022.0
20,MADHYA PRADESH,334,ASHTA,2018-10-01,Sehore,Madhya Pradesh,536.0,24226.0,2018.0
20,MADHYA PRADESH,400,BADNAGAR,2018-10-01,Ujjain,Madhya Pradesh,554.0,24226.0,2018.0
20,MADHYA PRADESH,396,BADNAWAR,2018-10-01,Dhar,Madhya Pradesh,455.0,24226.0,2018.0
20,MADHYA PRADESH,3928,BADA MALHERA,2022-07-01,Chhatarpur,Madhya Pradesh,439.0,24271.0,2022.0
20,MADHYA PRADESH,4058,BADARWAS,2022-07-01,Shivpuri,Madhya Pradesh,547.0,24271.0,2022.0
20,MADHYA PRADESH,466,BALAGHAT,2018-10-01,Balaghat,Madhya Pradesh,428.0,24226.0,2018.0
20,MADHYA PRADESH,387,BARELI,2018-10-01,Raisen,Madhya Pradesh,510.0,24226.0,2018.0
20,MADHYA PRADESH,3914,BAIKUNTHPUR,2022-07-01,Rewa,Madhya Pradesh,522.0,24271.0,2022.0
20,MADHYA PRADESH,4085,BANKHEDI,2022-07-01,Hoshangabad,Madhya Pradesh,471.0,24271.0,2022.0
20,MADHYA PRADESH,3915,BARWANI,2022-07-01,Barwani,Madhya Pradesh,430.0,24271.0,2022.0
20,MADHYA PRADESH,134,BETUL,2018-10-01,Betul,Madhya Pradesh,433.0,24226.0,2018.0
20,MADHYA PRADESH,386,BERASIA,2018-10-01,Bhopal,Madhya Pradesh,435.0,24226.0,2018.0
20,MADHYA PRADESH,4064,BEOHARI,2022-07-01,Shahdol,Madhya Pradesh,542.0,24271.0,2022.0
20,MADHYA PRADESH,390,BIAORA,2018-10-01,Rajgarh,Madhya Pradesh,515.0,24226.0,2018.0
20,MADHYA PRADESH,411,BINA,2018-10-01,Bina,Madhya Pradesh,437.0,24226.0,2018.0
20,MADHYA PRADESH,4065,BHIND,2022-07-01,Bhind,Madhya Pradesh,434.0,24271.0,2022.0
20,MADHYA PRADESH,399,BURHANPUR,2018-10-01,Burhanpur,Madhya Pradesh,438.0,24226.0,2018.0
20,MADHYA PRADESH,465,CHHATARPUR,2018-10-01,Chhatarpur,Madhya Pradesh,440.0,24226.0,2018.0
20,MADHYA PRADESH,4164,CHAKGHAT,2022-07-01,Rewa,Madhya Pradesh,523.0,24271.0,2022.0
20,MADHYA PRADESH,4091,CHAURAI,2022-07-01,Chhindwara,Madhya Pradesh,444.0,24271.0,2022.0
20,MADHYA PRADESH,3916,CHHAPARA,2022-07-01,Seoni,Madhya Pradesh,539.0,24271.0,2022.0
20,MADHYA PRADESH,135,CHHINDWARA,2018-10-01,Chhindwara,Madhya Pradesh,445.0,24226.0,2018.0
20,MADHYA PRADESH,407,DABRA,2018-10-01,Gwalior,Madhya Pradesh,465.0,24226.0,2018.0
20,MADHYA PRADESH,136,DAMOH,2018-10-01,Damoh,Madhya Pradesh,448.0,24226.0,2018.0
20,MADHYA PRADESH,418,DATIA,2018-10-01,Datia,Madhya Pradesh,451.0,24226.0,2018.0
20,MADHYA PRADESH,4079,DALAUDA,2022-07-01,Mandsaur,Madhya Pradesh,499.0,24271.0,2022.0
20,MADHYA PRADESH,395,DHAR,2018-10-01,Dhar,Madhya Pradesh,456.0,24226.0,2018.0
20,MADHYA PRADESH,137,DEWAS,2018-10-01,Dewas,Madhya Pradesh,452.0,24226.0,2018.0
20,MADHYA PRADESH,468,GADARWARA,2018-10-01,Narsinghpur,Madhya Pradesh,503.0,24226.0,2018.0
20,MADHYA PRADESH,4086,DEORI,2022-07-01,Sagar,Madhya Pradesh,526.0,24271.0,2022.0
20,MADHYA PRADESH,389,GANJ BASODA,2018-10-01,Vidisha,Madhya Pradesh,558.0,24226.0,2018.0
20,MADHYA PRADESH,409,GUNA,2018-10-01,Guna,Madhya Pradesh,463.0,24226.0,2018.0
20,MADHYA PRADESH,4087,GARHAKOTA,2022-07-01,Sagar,Madhya Pradesh,527.0,24271.0,2022.0
20,MADHYA PRADESH,3929,GAUTAMPURA,2022-07-01,Indore,Madhya Pradesh,476.0,24271.0,2022.0
20,MADHYA PRADESH,4166,GOTEGAON,2022-07-01,Narsinghpur,Madhya Pradesh,504.0,24271.0,2022.0
20,MADHYA PRADESH,138,HARDA,2018-10-01,Harda,Madhya Pradesh,467.0,24226.0,2018.0
20,MADHYA PRADESH,4096,HANUMANA,2022-07-01,Rewa,Madhya Pradesh,524.0,24271.0,2022.0
20,MADHYA PRADESH,139,INDORE,2018-10-01,Indore,Madhya Pradesh,477.0,24226.0,2018.0
20,MADHYA PRADESH,3930,HARPALPUR,2022-07-01,Chhatarpur,Madhya Pradesh,441.0,24271.0,2022.0
20,MADHYA PRADESH,3917,HARSUD,2022-07-01,Khandwa,Madhya Pradesh,488.0,24271.0,2022.0
20,MADHYA PRADESH,140,JABALPUR,2018-10-01,Jabalpur,Madhya Pradesh,480.0,24226.0,2018.0
20,MADHYA PRADESH,393,ITARSI,2018-10-01,Hoshangabad,Madhya Pradesh,472.0,24226.0,2018.0
20,MADHYA PRADESH,141,JAORA,2018-10-01,Ratlam,Madhya Pradesh,519.0,24226.0,2018.0
20,MADHYA PRADESH,4075,JABERA,2022-07-01,Damoh,Madhya Pradesh,449.0,24271.0,2022.0
20,MADHYA PRADESH,3920,JOBAT,2022-07-01,Alirajpur,Madhya Pradesh,424.0,24271.0,2022.0
20,MADHYA PRADESH,21,KAROND,2018-10-01,Bhopal,Madhya Pradesh,436.0,24226.0,2018.0
20,MADHYA PRADESH,4059,JHABUA,2022-07-01,Jhabua,Madhya Pradesh,484.0,24271.0,2022.0
20,MADHYA PRADESH,3921,KARERA,2022-07-01,Shivpuri,Madhya Pradesh,548.0,24271.0,2022.0
20,MADHYA PRADESH,398,KHANDWA,2018-10-01,Khandwa,Madhya Pradesh,489.0,24226.0,2018.0
20,MADHYA PRADESH,415,KATNI,2018-10-01,Katni,Madhya Pradesh,487.0,24226.0,2018.0
20,MADHYA PRADESH,3923,KATANGI,2022-07-01,Balaghat,Madhya Pradesh,429.0,24271.0,2022.0
20,MADHYA PRADESH,397,KHARGONE,2018-10-01,Khargone,Madhya Pradesh,491.0,24226.0,2018.0
20,MADHYA PRADESH,403,KHATEGAON,2018-10-01,Dewas,Madhya Pradesh,453.0,24226.0,2018.0
20,MADHYA PRADESH,3922,KASRAWAD,2022-07-01,Khargone,Madhya Pradesh,490.0,24271.0,2022.0
20,MADHYA PRADESH,392,KHIRKIYA,2018-10-01,Harda,Madhya Pradesh,468.0,24226.0,2018.0
20,MADHYA PRADESH,4060,KHETIYA,2022-07-01,Khargone,Madhya Pradesh,492.0,24271.0,2022.0
20,MADHYA PRADESH,854,KRISHI UPAJ MANDI SAMITI-ANJAD,2020-05-01,Barwani,Madhya Pradesh,431.0,24245.0,2020.0
20,MADHYA PRADESH,4097,KRISHI UPAJ MANDI SAMITI PATAN,2022-07-01,South Andaman,Andaman & Nicobar Islands,1.0,24271.0,2022.0
20,MADHYA PRADESH,849,KRISHI UPAJ MANDI SAMITI-BADWAHA,2020-05-01,Khargone,Madhya Pradesh,493.0,24245.0,2020.0
20,MADHYA PRADESH,848,KRISHI UPAJ MANDI SAMITI-BANAPURA,2020-05-01,Hoshangabad,Madhya Pradesh,473.0,24245.0,2020.0
20,MADHYA PRADESH,852,KRISHI UPAJ MANDI SAMITI-BHIKANGAON,2020-05-01,Khargone,Madhya Pradesh,494.0,24245.0,2020.0
20,MADHYA PRADESH,869,KRISHI UPAJ MANDI SAMITI-DHAMNOD,2020-05-01,Dhar,Madhya Pradesh,457.0,24245.0,2020.0
20,MADHYA PRADESH,856,KRISHI UPAJ MANDI SAMITI-GANDHWANI,2020-05-01,Dhar,Madhya Pradesh,458.0,24245.0,2020.0
20,MADHYA PRADESH,860,KRISHI UPAJ MANDI SAMITI-KARELI,2020-05-01,Narsinghpur,Madhya Pradesh,505.0,24245.0,2020.0
20,MADHYA PRADESH,863,KRISHI UPAJ MANDI SAMITI-KHURAI,2020-05-01,Sagar,Madhya Pradesh,528.0,24245.0,2020.0
20,MADHYA PRADESH,853,KRISHI UPAJ MANDI SAMITI-KARHI,2020-05-01,Khargone,Madhya Pradesh,495.0,24245.0,2020.0
20,MADHYA PRADESH,866,KRISHI UPAJ MANDI SAMITI-KOLARAS,2020-05-01,Shivpuri,Madhya Pradesh,549.0,24245.0,2020.0
20,MADHYA PRADESH,857,KRISHI UPAJ MANDI SAMITI-KUKSHI,2020-05-01,Dhar,Madhya Pradesh,459.0,24245.0,2020.0
20,MADHYA PRADESH,864,KRISHI UPAJ MANDI SAMITI-KUMBHRAJ,2020-05-01,Guna,Madhya Pradesh,464.0,24245.0,2020.0
20,MADHYA PRADESH,865,KRISHI UPAJ MANDI SAMITI-LASHKAR,2020-05-01,Gwalior,Madhya Pradesh,466.0,24245.0,2020.0
20,MADHYA PRADESH,867,KRISHI UPAJ MANDI SAMITI-NAGOD,2020-05-01,Satna,Madhya Pradesh,533.0,24245.0,2020.0
20,MADHYA PRADESH,845,KRISHI UPAJ MANDI SAMITI-NASRULLAGANJ,2020-05-01,Sehore,Madhya Pradesh,537.0,24245.0,2020.0
20,MADHYA PRADESH,847,KRISHI UPAJ MANDI SAMITI-RAISEN,2020-05-01,Raisen,Madhya Pradesh,511.0,24245.0,2020.0
20,MADHYA PRADESH,862,KRISHI UPAJ MANDI SAMITI-PANDHURNA,2020-05-01,Chhindwara,Madhya Pradesh,446.0,24245.0,2020.0
20,MADHYA PRADESH,851,KRISHI UPAJ MANDI SAMITI-SANAWAD,2020-05-01,Khargone,Madhya Pradesh,496.0,24245.0,2020.0
20,MADHYA PRADESH,861,KRISHI UPAJ MANDI SAMITI-SAUNSAR,2020-05-01,Chhindwara,Madhya Pradesh,447.0,24245.0,2020.0
20,MADHYA PRADESH,855,KRISHI UPAJ MANDI SAMITI-SHIVPURI,2020-05-01,Shivpuri,Madhya Pradesh,550.0,24245.0,2020.0
20,MADHYA PRADESH,868,KRISHI UPAJ MANDI SAMITI-SINGRAULI,2020-05-01,Singrauli,Madhya Pradesh,552.0,24245.0,2020.0
20,MADHYA PRADESH,3924,KURAWAR,2022-07-01,Rajgarh,Madhya Pradesh,516.0,24271.0,2022.0
20,MADHYA PRADESH,846,KRISHI UPAJ MANDI SAMITI-UDAIPURA,2020-05-01,Raisen,Madhya Pradesh,512.0,24245.0,2020.0
20,MADHYA PRADESH,4078,LAVKUSHNAGAR,2022-07-01,Chhatarpur,Madhya Pradesh,442.0,24271.0,2022.0
20,MADHYA PRADESH,402,MAHIDPUR,2018-10-01,Ujjain,Madhya Pradesh,555.0,24226.0,2018.0
20,MADHYA PRADESH,142,MANDSAUR,2018-10-01,Mandsaur,Madhya Pradesh,500.0,24226.0,2018.0
20,MADHYA PRADESH,469,MANDLA,2018-10-01,Mandla,Madhya Pradesh,498.0,24226.0,2018.0
20,MADHYA PRADESH,4088,MAIHAR,2022-07-01,Satna,Madhya Pradesh,534.0,24271.0,2022.0
20,MADHYA PRADESH,417,MHOW,2018-10-01,Indore,Madhya Pradesh,478.0,24226.0,2018.0
20,MADHYA PRADESH,143,NEEMUCH,2018-10-01,Neemuch,Madhya Pradesh,507.0,24226.0,2018.0
20,MADHYA PRADESH,463,MORENA,2018-10-01,Morena,Madhya Pradesh,502.0,24226.0,2018.0
20,MADHYA PRADESH,388,OBAIDULLAGANJ,2018-10-01,Raisen,Madhya Pradesh,513.0,24226.0,2018.0
20,MADHYA PRADESH,3925,NARSINGHGARH,2022-07-01,Rajgarh,Madhya Pradesh,517.0,24271.0,2022.0
20,MADHYA PRADESH,4098,MUNGAOLI,2022-07-01,Ashok Nagar,Madhya Pradesh,427.0,24271.0,2022.0
20,MADHYA PRADESH,4066,NIWARI,2022-07-01,Niwari,Madhya Pradesh,508.0,24271.0,2022.0
20,MADHYA PRADESH,4061,PACHORE,2022-07-01,Rajgarh,Madhya Pradesh,518.0,24271.0,2022.0
20,MADHYA PRADESH,4156,PALARI,2022-07-01,Seoni,Madhya Pradesh,540.0,24271.0,2022.0
20,MADHYA PRADESH,4083,PANNA,2022-07-01,Panna,Madhya Pradesh,509.0,24271.0,2022.0
20,MADHYA PRADESH,144,PIPARIYA,2018-10-01,Hoshangabad,Madhya Pradesh,474.0,24226.0,2018.0
20,MADHYA PRADESH,4074,PATHARIA,2022-07-01,Damoh,Madhya Pradesh,450.0,24271.0,2022.0
20,MADHYA PRADESH,4067,PETLAWAD,2022-07-01,Jhabua,Madhya Pradesh,485.0,24271.0,2022.0
20,MADHYA PRADESH,4068,PIPALIYA,2022-07-01,Mandsaur,Madhya Pradesh,501.0,24271.0,2022.0
20,MADHYA PRADESH,145,RATLAM,2018-10-01,Ratlam,Madhya Pradesh,520.0,24226.0,2018.0
20,MADHYA PRADESH,3927,RAJGARH,2022-07-01,Dhar,Madhya Pradesh,461.0,24271.0,2022.0
20,MADHYA PRADESH,4072,RAHATGARH,2022-07-01,Sagar,Madhya Pradesh,529.0,24271.0,2022.0
20,MADHYA PRADESH,147,SAGAR,2018-10-01,Sagar,Madhya Pradesh,531.0,24226.0,2018.0
20,MADHYA PRADESH,4062,RAJNAGAR,2022-07-01,Chhatarpur,Madhya Pradesh,443.0,24271.0,2022.0
20,MADHYA PRADESH,146,REWA,2018-10-01,Rewa,Madhya Pradesh,525.0,24226.0,2018.0
20,MADHYA PRADESH,394,SANWER,2018-10-01,Indore,Madhya Pradesh,479.0,24226.0,2018.0
20,MADHYA PRADESH,148,SATNA,2018-10-01,Satna,Madhya Pradesh,535.0,24226.0,2018.0
20,MADHYA PRADESH,4092,REHLI,2022-07-01,Sagar,Madhya Pradesh,530.0,24271.0,2022.0
20,MADHYA PRADESH,412,SEHORA,2018-10-01,Jabalpur,Madhya Pradesh,482.0,24226.0,2018.0
20,MADHYA PRADESH,149,SEHORE,2018-10-01,Sehore,Madhya Pradesh,538.0,24226.0,2018.0
20,MADHYA PRADESH,4069,SEGAON,2022-07-01,South Andaman,Andaman & Nicobar Islands,1.0,24271.0,2022.0
20,MADHYA PRADESH,462,SENDHWA,2018-10-01,Barwani,Madhya Pradesh,432.0,24226.0,2018.0
20,MADHYA PRADESH,3911,SEMRI HARCHAND,2022-07-01,Hoshangabad,Madhya Pradesh,475.0,24271.0,2022.0
20,MADHYA PRADESH,467,SEONI,2018-10-01,Seoni,Madhya Pradesh,541.0,24226.0,2018.0
20,MADHYA PRADESH,413,SHAHPURA BHITONI,2018-10-01,Jabalpur,Madhya Pradesh,483.0,24226.0,2018.0
20,MADHYA PRADESH,420,SHAJAPUR,2018-10-01,Shajapur,Madhya Pradesh,544.0,24226.0,2018.0
20,MADHYA PRADESH,4093,SHAHDOL,2022-07-01,Shahdol,Madhya Pradesh,543.0,24271.0,2022.0
20,MADHYA PRADESH,404,SHUJALPUR,2018-10-01,Shajapur,Madhya Pradesh,545.0,24226.0,2018.0
20,MADHYA PRADESH,464,SHEOPURKALAN,2018-10-01,Sheopur,Madhya Pradesh,546.0,24226.0,2018.0
20,MADHYA PRADESH,4082,SILWANI,2022-07-01,Raisen,Madhya Pradesh,514.0,24271.0,2022.0
20,MADHYA PRADESH,4094,SIDHI,2022-07-01,Sidhi,Madhya Pradesh,551.0,24271.0,2022.0
20,MADHYA PRADESH,3910,SIRALI,2022-07-01,Harda,Madhya Pradesh,469.0,24271.0,2022.0
20,MADHYA PRADESH,4071,SIRONJ,2022-07-01,Vidisha,Madhya Pradesh,559.0,24271.0,2022.0
20,MADHYA PRADESH,335,TIKAMGARH,2018-10-01,Tikamgarh,Madhya Pradesh,553.0,24226.0,2018.0
20,MADHYA PRADESH,391,TIMARNI,2018-10-01,Harda,Madhya Pradesh,470.0,24226.0,2018.0
20,MADHYA PRADESH,4155,THANDLA,2022-07-01,Jhabua,Madhya Pradesh,486.0,24271.0,2022.0
20,MADHYA PRADESH,4070,SONKATCH,2022-07-01,Dewas,Madhya Pradesh,454.0,24271.0,2022.0
20,MADHYA PRADESH,150,UJJAIN,2018-10-01,Ujjain,Madhya Pradesh,556.0,24226.0,2018.0
20,MADHYA PRADESH,151,VIDISHA,2018-10-01,Vidisha,Madhya Pradesh,560.0,24226.0,2018.0
296,MAHARASHTRA,1022,AAMGAON,2020-05-01,South Andaman,Andaman & Nicobar Islands,1.0,24245.0,2020.0
296,MAHARASHTRA,308,AATPADI,2018-10-01,Sangli,Maharashtra,664.0,24226.0,2018.0
20,MADHYA PRADESH,4095,UMARIA,2022-07-01,Umaria,Madhya Pradesh,557.0,24271.0,2022.0
296,MAHARASHTRA,471,ACHALPUR,2018-10-01,Amrawati,Maharashtra,572.0,24226.0,2018.0
296,MAHARASHTRA,459,AHERI,2018-12-01,Gadchiroli,Maharashtra,606.0,24228.0,2018.0
296,MAHARASHTRA,401,AHMEDNAGAR,2018-10-01,Ahmednagar,Maharashtra,561.0,24226.0,2018.0
296,MAHARASHTRA,299,AKOLA,2018-10-01,Akola,Maharashtra,568.0,24226.0,2018.0
296,MAHARASHTRA,566,AMALNER,2018-10-01,Jalgaon,Maharashtra,616.0,24226.0,2018.0
296,MAHARASHTRA,405,AMARAVATHI,2018-10-01,South Andaman,Andaman & Nicobar Islands,1.0,24226.0,2018.0
296,MAHARASHTRA,1023,AKOT,2020-04-01,Akola,Maharashtra,569.0,24244.0,2020.0
296,MAHARASHTRA,567,ANJANGAON SURJI,2018-10-01,Amrawati,Maharashtra,574.0,24226.0,2018.0
296,MAHARASHTRA,460,ARJUNI MORGOAN,2018-10-01,Gondiya,Maharashtra,610.0,24226.0,2018.0
296,MAHARASHTRA,1024,AMBEJOGAI,2020-05-01,Beed,Maharashtra,584.0,24245.0,2020.0
296,MAHARASHTRA,303,AURANGABAD,2019-07-01,Aurangabad,Maharashtra,579.0,24235.0,2019.0
296,MAHARASHTRA,1025,ARVI,2020-05-01,Wardha,Maharashtra,678.0,24245.0,2020.0
296,MAHARASHTRA,1026,AUSA,2020-05-01,Latur,Maharashtra,623.0,24245.0,2020.0
296,MAHARASHTRA,470,Basmat,2018-10-01,Hingoli,Maharashtra,613.0,24226.0,2018.0
296,MAHARASHTRA,1027,BARAMATI,2020-04-01,Pune,Maharashtra,657.0,24244.0,2020.0
296,MAHARASHTRA,461,BARSHI,2018-10-01,Solapur,Maharashtra,671.0,24226.0,2018.0
296,MAHARASHTRA,408,BEED,2018-10-01,Beed,Maharashtra,585.0,24226.0,2018.0
296,MAHARASHTRA,456,BHOKAR,2018-10-01,Nanded,Maharashtra,632.0,24226.0,2018.0
296,MAHARASHTRA,1028,BHIWAPUR,2020-05-01,Nagpur,Maharashtra,627.0,24245.0,2020.0
296,MAHARASHTRA,1029,CHALISGAON,2020-05-01,Jalgaon,Maharashtra,617.0,24245.0,2020.0
296,MAHARASHTRA,568,CHANDRAPUR,2018-10-01,Chandrapur,Maharashtra,598.0,24226.0,2018.0
296,MAHARASHTRA,1030,CHAMORSHI,2020-05-01,Gadchiroli,Maharashtra,608.0,24245.0,2020.0
296,MAHARASHTRA,1031,CHANDUR BAZAR,2020-05-01,Amrawati,Maharashtra,575.0,24245.0,2020.0
296,MAHARASHTRA,587,CHOPADA,2018-10-01,South Andaman,Andaman & Nicobar Islands,1.0,24226.0,2018.0
296,MAHARASHTRA,1032,CHANDVAD,2020-05-01,Nashik,Maharashtra,637.0,24245.0,2020.0
296,MAHARASHTRA,1033,CHIKHALI,2020-05-01,Buldhana,Maharashtra,591.0,24245.0,2020.0
296,MAHARASHTRA,588,DARYAPUR,2018-10-01,Amrawati,Maharashtra,576.0,24226.0,2018.0
296,MAHARASHTRA,457,DHULE,2018-10-01,Dhule,Maharashtra,603.0,24226.0,2018.0
296,MAHARASHTRA,1034,DEVALA,2020-05-01,South Andaman,Andaman & Nicobar Islands,1.0,24245.0,2020.0
296,MAHARASHTRA,1035,DHAMANGAON RAILWAY,2020-05-01,Amrawati,Maharashtra,577.0,24245.0,2020.0
296,MAHARASHTRA,1037,DINDORI,2020-05-01,Nashik,Maharashtra,639.0,24245.0,2020.0
296,MAHARASHTRA,1036,DIGRAS,2020-04-01,Yawatmal,Maharashtra,690.0,24244.0,2020.0
296,MAHARASHTRA,410,DONDAICHA,2018-10-01,Dhule,Maharashtra,604.0,24226.0,2018.0
296,MAHARASHTRA,451,DOUND,2018-10-01,Pune,Maharashtra,658.0,24226.0,2018.0
296,MAHARASHTRA,455,GEVRAI,2018-10-01,Beed,Maharashtra,586.0,24226.0,2018.0
296,MAHARASHTRA,589,GONDIYA,2018-11-01,Gondiya,Maharashtra,611.0,24227.0,2018.0
296,MAHARASHTRA,1038,GANGAPUR-MH,2020-05-01,South Andaman,Andaman & Nicobar Islands,1.0,24245.0,2020.0
296,MAHARASHTRA,414,HINGOLI,2018-10-01,Hingoli,Maharashtra,614.0,24226.0,2018.0
296,MAHARASHTRA,1039,HINGANGHAT,2020-05-01,Wardha,Maharashtra,679.0,24245.0,2020.0
296,MAHARASHTRA,1040,INDAPUR,2020-05-01,Pune,Maharashtra,659.0,24245.0,2020.0
296,MAHARASHTRA,1041,JALGAON,2020-05-01,Jalgaon,Maharashtra,619.0,24245.0,2020.0
296,MAHARASHTRA,1043,JINTUR,2020-05-01,Parbhani,Maharashtra,654.0,24245.0,2020.0
296,MAHARASHTRA,1042,JALNA,2020-05-01,Jalna,Maharashtra,620.0,24245.0,2020.0
296,MAHARASHTRA,416,JUNNAR,2019-07-01,Pune,Maharashtra,660.0,24235.0,2019.0
296,MAHARASHTRA,421,KARAD,2018-12-01,Satara,Maharashtra,666.0,24228.0,2018.0
296,MAHARASHTRA,1045,KANNAD,2020-05-01,Aurangabad,Maharashtra,581.0,24245.0,2020.0
296,MAHARASHTRA,1044,KALAMB,2020-04-01,Osmanabad,Maharashtra,650.0,24244.0,2020.0
296,MAHARASHTRA,1046,KARANJA,2020-05-01,Washim,Maharashtra,682.0,24245.0,2020.0
296,MAHARASHTRA,1047,KARMALA,2020-05-01,Solapur,Maharashtra,673.0,24245.0,2020.0
296,MAHARASHTRA,590,KATOL,2019-02-01,Nagpur,Maharashtra,628.0,24230.0,2019.0
296,MAHARASHTRA,591,KHED,2018-10-01,Pune,Maharashtra,661.0,24226.0,2018.0
296,MAHARASHTRA,419,KHAMGAON,2019-07-01,Buldhana,Maharashtra,592.0,24235.0,2019.0
296,MAHARASHTRA,297,KOLHAPUR,2018-10-01,Kolhapur,Maharashtra,622.0,24226.0,2018.0
296,MAHARASHTRA,300,LATUR,2018-10-01,Latur,Maharashtra,624.0,24226.0,2018.0
296,MAHARASHTRA,1048,LASALGAON,2020-05-01,Nashik,Maharashtra,640.0,24245.0,2020.0
296,MAHARASHTRA,1049,LASUR STATION,2020-05-01,Aurangabad,Maharashtra,582.0,24245.0,2020.0
296,MAHARASHTRA,592,LONAR,2018-10-01,Buldhana,Maharashtra,593.0,24226.0,2018.0
296,MAHARASHTRA,473,LONAND,2018-10-01,Satara,Maharashtra,667.0,24226.0,2018.0
296,MAHARASHTRA,474,MALEGOAN,2018-10-01,South Andaman,Andaman & Nicobar Islands,1.0,24226.0,2018.0
296,MAHARASHTRA,1050,MAJALGAON,2020-05-01,Beed,Maharashtra,587.0,24245.0,2020.0
296,MAHARASHTRA,472,Malkapur,2018-10-01,Buldhana,Maharashtra,594.0,24226.0,2018.0
296,MAHARASHTRA,422,MANGRULPEER,2018-10-01,Washim,Maharashtra,684.0,24226.0,2018.0
296,MAHARASHTRA,1051,MANGALWEDHA,2020-05-01,Solapur,Maharashtra,674.0,24245.0,2020.0
296,MAHARASHTRA,1052,MANORA,2020-05-01,Washim,Maharashtra,685.0,24245.0,2020.0
296,MAHARASHTRA,1053,MORSHI,2020-05-01,Amrawati,Maharashtra,578.0,24245.0,2020.0
296,MAHARASHTRA,1054,MUL,2020-05-01,Chandrapur,Maharashtra,599.0,24245.0,2020.0
296,MAHARASHTRA,424,MUMBAI,2018-10-01,Mumbai,Maharashtra,626.0,24226.0,2018.0
296,MAHARASHTRA,593,MURTIZAPUR,2018-12-01,Akola,Maharashtra,570.0,24228.0,2018.0
296,MAHARASHTRA,1055,MURUM,2020-05-01,Osmanabad,Maharashtra,651.0,24245.0,2020.0
296,MAHARASHTRA,305,NAGPUR,2018-10-01,Nagpur,Maharashtra,629.0,24226.0,2018.0
296,MAHARASHTRA,1056,NAGBHID,2020-05-01,Chandrapur,Maharashtra,600.0,24245.0,2020.0
296,MAHARASHTRA,1057,NAMPUR,2020-05-01,Nashik,Maharashtra,642.0,24245.0,2020.0
296,MAHARASHTRA,458,NANDURBAR,2018-10-01,Nandurbar,Maharashtra,635.0,24226.0,2018.0
296,MAHARASHTRA,1059,NANDGAON,2020-05-01,Nashik,Maharashtra,643.0,24245.0,2020.0
296,MAHARASHTRA,1058,NANDED,2020-05-01,Nanded,Maharashtra,634.0,24245.0,2020.0
296,MAHARASHTRA,425,NASIK,2018-12-01,South Andaman,Andaman & Nicobar Islands,1.0,24228.0,2018.0
296,MAHARASHTRA,307,NEWASA,2018-10-01,Ahmednagar,Maharashtra,562.0,24226.0,2018.0
296,MAHARASHTRA,1060,NER PARASOPANT,2020-05-01,Yawatmal,Maharashtra,691.0,24245.0,2020.0
296,MAHARASHTRA,304,PARBHANI,2018-10-01,Parbhani,Maharashtra,655.0,24226.0,2018.0
296,MAHARASHTRA,1061,PANDHARPUR,2020-05-01,Solapur,Maharashtra,675.0,24245.0,2020.0
296,MAHARASHTRA,1063,PARTUR,2020-05-01,Jalna,Maharashtra,621.0,24245.0,2020.0
296,MAHARASHTRA,1062,Parli Vaijyanath,2020-05-01,Beed,Maharashtra,588.0,24245.0,2020.0
296,MAHARASHTRA,1064,PHALTAN,2020-05-01,Satara,Maharashtra,668.0,24245.0,2020.0
296,MAHARASHTRA,426,PIMPALGAON BASWANT,2018-10-01,Nashik,Maharashtra,645.0,24226.0,2018.0
296,MAHARASHTRA,427,PUNE,2018-10-01,Pune,Maharashtra,662.0,24226.0,2018.0
296,MAHARASHTRA,428,RAHURI,2018-10-01,Ahmednagar,Maharashtra,565.0,24226.0,2018.0
296,MAHARASHTRA,1065,RAHATA,2020-05-01,Ahmednagar,Maharashtra,564.0,24245.0,2020.0
296,MAHARASHTRA,298,SANGLI,2018-11-01,Sangli,Maharashtra,665.0,24227.0,2018.0
296,MAHARASHTRA,1067,SANGAMNER,2020-05-01,Ahmednagar,Maharashtra,566.0,24245.0,2020.0
296,MAHARASHTRA,1066,RISOD,2020-05-01,Washim,Maharashtra,686.0,24245.0,2020.0
296,MAHARASHTRA,1068,SANGOLA,2020-05-01,Solapur,Maharashtra,676.0,24245.0,2020.0
296,MAHARASHTRA,453,SELU,2018-10-01,Parbhani,Maharashtra,656.0,24226.0,2018.0
296,MAHARASHTRA,594,SENGOAN,2018-10-01,Hingoli,Maharashtra,615.0,24226.0,2018.0
296,MAHARASHTRA,1069,SATANA,2020-05-01,Nashik,Maharashtra,646.0,24245.0,2020.0
296,MAHARASHTRA,595,SHAHADA,2018-10-01,Nandurbar,Maharashtra,636.0,24226.0,2018.0
296,MAHARASHTRA,1070,SAVNER,2020-05-01,South Andaman,Andaman & Nicobar Islands,1.0,24245.0,2020.0
296,MAHARASHTRA,596,SHEGAON,2018-10-01,Buldhana,Maharashtra,597.0,24226.0,2018.0
296,MAHARASHTRA,597,SHIRPUR,2018-10-01,Dhule,Maharashtra,605.0,24226.0,2018.0
296,MAHARASHTRA,306,SHIRUR,2018-10-01,Pune,Maharashtra,663.0,24226.0,2018.0
296,MAHARASHTRA,1071,SHRIRAMPUR,2020-05-01,Ahmednagar,Maharashtra,567.0,24245.0,2020.0
296,MAHARASHTRA,1072,Sindevahi,2020-05-01,South Andaman,Andaman & Nicobar Islands,1.0,24245.0,2020.0
296,MAHARASHTRA,1073,SINDI,2020-05-01,Wardha,Maharashtra,680.0,24245.0,2020.0
296,MAHARASHTRA,1074,SINNER,2020-04-01,South Andaman,Andaman & Nicobar Islands,1.0,24244.0,2020.0
296,MAHARASHTRA,429,SOLAPUR,2018-10-01,Solapur,Maharashtra,677.0,24226.0,2018.0
296,MAHARASHTRA,301,TUMSAR,2018-10-01,Bhandara,Maharashtra,590.0,24226.0,2018.0
296,MAHARASHTRA,598,UDGIR,2018-10-01,Latur,Maharashtra,625.0,24226.0,2018.0
296,MAHARASHTRA,1075,TIRODA,2020-05-01,Gondiya,Maharashtra,612.0,24245.0,2020.0
296,MAHARASHTRA,1076,UMRANE,2020-05-01,Nashik,Maharashtra,648.0,24245.0,2020.0
296,MAHARASHTRA,452,VANI,2018-10-01,Yawatmal,Maharashtra,692.0,24226.0,2018.0
296,MAHARASHTRA,430,VAIJAPUR,2018-10-01,Aurangabad,Maharashtra,583.0,24226.0,2018.0
296,MAHARASHTRA,431,VARORA,2018-10-01,Chandrapur,Maharashtra,602.0,24226.0,2018.0
296,MAHARASHTRA,1077,VAI,2020-05-01,South Andaman,Andaman & Nicobar Islands,1.0,24245.0,2020.0
296,MAHARASHTRA,432,WARDHA,2018-10-01,Wardha,Maharashtra,681.0,24226.0,2018.0
296,MAHARASHTRA,302,YEOLA,2018-10-01,Nashik,Maharashtra,649.0,24226.0,2018.0
296,MAHARASHTRA,1078,WASHIM,2020-05-01,Washim,Maharashtra,687.0,24245.0,2020.0
296,MAHARASHTRA,1079,YAVATMAL,2020-05-01,South Andaman,Andaman & Nicobar Islands,1.0,24245.0,2020.0
35,NAGALAND,3849,DIMAPUR APMC,2022-06-01,Dimapur,Nagaland,694.0,24270.0,2022.0
35,NAGALAND,3848,KOHIMA APMC,2022-06-01,Kohima,Nagaland,696.0,24270.0,2022.0
35,NAGALAND,3847,MOKOKCHUNG APMC,2022-06-01,Mokokchung,Nagaland,699.0,24270.0,2022.0
35,NAGALAND,3845,PFUTSERO APMC,2022-06-01,Pfutsero,Nagaland,705.0,24270.0,2022.0
35,NAGALAND,3846,MON APMC,2022-06-01,Mon,Nagaland,701.0,24270.0,2022.0
35,NAGALAND,3844,WOKHA APMC,2022-06-01,Wokha,Nagaland,710.0,24270.0,2022.0
35,NAGALAND,3843,ZUNHEBOTO APMC,2022-06-01,Zunheboto,Nagaland,712.0,24270.0,2022.0
35,NAGALAND,4926,BAGHTY APMC,2023-02-01,Wokha,Nagaland,709.0,24278.0,2023.0
35,NAGALAND,4927,GHATASHI,2023-02-01,Zunheboto,Nagaland,711.0,24278.0,2023.0
35,NAGALAND,4928,JALUKIE,2023-02-01,Peren,Nagaland,703.0,24278.0,2023.0
35,NAGALAND,4929,TULI,2023-02-01,Mokokchung,Nagaland,700.0,24278.0,2023.0
35,NAGALAND,4930,KIPHIRE,2023-02-01,Kiphire,Nagaland,695.0,24278.0,2023.0
35,NAGALAND,4931,LONGLENG,2023-02-01,Longleng,Nagaland,697.0,24278.0,2023.0
35,NAGALAND,4932,NIULAND,2023-02-01,Niuland,Nagaland,702.0,24278.0,2023.0
35,NAGALAND,4934,TENNING,2023-02-01,Peren,Nagaland,704.0,24278.0,2023.0
35,NAGALAND,4936,TSEMENYU,2023-02-01,Tsemenyu,Nagaland,707.0,24278.0,2023.0
35,NAGALAND,4933,PHEK,2023-02-01,Phek,Nagaland,706.0,24278.0,2023.0
35,NAGALAND,4937,TUENSANG,2023-02-01,Tuensang,Nagaland,708.0,24278.0,2023.0
384,ODISHA,888,ANANDAPUR,2020-04-01,Keonjhar,Odisha,751.0,24244.0,2020.0
35,NAGALAND,4938,MANGKOLEMBA,2023-02-01,Mokokchung,Nagaland,698.0,24278.0,2023.0
384,ODISHA,870,ANGUL,2020-04-01,Angul,Odisha,713.0,24244.0,2020.0
384,ODISHA,445,BAHADAJHOLA,2018-10-01,Nayagarh,Odisha,765.0,24226.0,2018.0
384,ODISHA,3867,ATHMALLIK,2022-06-01,Angul,Odisha,714.0,24270.0,2022.0
384,ODISHA,873,ATTABIRA,2020-04-01,Bargarh,Odisha,723.0,24244.0,2020.0
384,ODISHA,871,BALASORE,2020-04-01,Balasore,Odisha,720.0,24244.0,2020.0
384,ODISHA,889,BALUGAON,2020-05-01,Khorda,Odisha,754.0,24245.0,2020.0
384,ODISHA,3871,BANKI,2022-06-01,Cuttack,Odisha,729.0,24270.0,2022.0
384,ODISHA,874,BARGARH,2020-04-01,Bargarh,Odisha,724.0,24244.0,2020.0
384,ODISHA,876,BHADRAK,2020-04-01,Bhadrak,Odisha,726.0,24244.0,2020.0
384,ODISHA,893,BARIPADA,2020-05-01,Mayurbhanj,Odisha,759.0,24245.0,2020.0
384,ODISHA,3850,BHANJANAGAR,2022-06-01,Ganjam,Odisha,737.0,24270.0,2022.0
384,ODISHA,894,BETNOTI,2020-05-01,Mayurbhanj,Odisha,760.0,24245.0,2020.0
384,ODISHA,899,BONAI,2020-04-01,Sundargarh,Odisha,776.0,24244.0,2020.0
384,ODISHA,884,BHAWANIPATNA,2020-04-01,Kalahandi,Odisha,744.0,24244.0,2020.0
384,ODISHA,877,CHANDBALI,2020-05-01,Bhadrak,Odisha,727.0,24245.0,2020.0
384,ODISHA,3853,BOUDH,2022-06-01,Boudh,Odisha,728.0,24270.0,2022.0
384,ODISHA,878,DEOGARH,2020-04-01,Deogarh,Odisha,732.0,24244.0,2020.0
384,ODISHA,3870,DHENKANAL,2022-06-01,Dhenkanal,Odisha,733.0,24270.0,2022.0
384,ODISHA,880,DIGAPAHANDI,2020-04-01,Ganjam,Odisha,738.0,24244.0,2020.0
384,ODISHA,898,DUNGURIPALI,2020-04-01,Sonepur,Odisha,775.0,24244.0,2020.0
384,ODISHA,897,GUNUPUR,2020-04-01,Rayagada,Odisha,769.0,24244.0,2020.0
384,ODISHA,879,HINDOL,2020-05-01,Dhenkanal,Odisha,734.0,24245.0,2020.0
384,ODISHA,3856,HINJILICUT,2022-06-01,Ganjam,Odisha,739.0,24270.0,2022.0
384,ODISHA,881,JAGATSINGHPUR,2020-04-01,Jagatsinghpur,Odisha,740.0,24244.0,2020.0
384,ODISHA,883,JAJPUR,2020-04-01,Jajpur,Odisha,742.0,24244.0,2020.0
384,ODISHA,890,JATNI,2020-04-01,Khorda,Odisha,755.0,24244.0,2020.0
384,ODISHA,872,JALESWAR,2020-05-01,Balasore,Odisha,721.0,24245.0,2020.0
384,ODISHA,891,JEYPORE,2020-05-01,Koraput,Odisha,756.0,24245.0,2020.0
384,ODISHA,3857,JHARSUGUDA,2022-06-01,Jharsuguda,Odisha,743.0,24270.0,2022.0
384,ODISHA,3861,KAMAKHYANAGAR,2022-06-01,Dhenkanal,Odisha,735.0,24270.0,2022.0
384,ODISHA,440,KANTABANJI,2018-12-01,Balangir,Odisha,718.0,24228.0,2018.0
384,ODISHA,886,KANDHAMAL,2020-05-01,Kandhamal,Odisha,748.0,24245.0,2020.0
384,ODISHA,3862,KARANJIA,2022-06-01,Mayurbhanj,Odisha,761.0,24270.0,2022.0
384,ODISHA,446,KENDUPATNA,2020-03-01,Cuttack,Odisha,730.0,24243.0,2020.0
384,ODISHA,887,KENDRAPARA,2020-04-01,Kendrapara,Odisha,750.0,24244.0,2020.0
384,ODISHA,439,KORAPUT,2018-10-01,Koraput,Odisha,757.0,24226.0,2018.0
384,ODISHA,885,KESINGA,2020-05-01,Kalahandi,Odisha,746.0,24245.0,2020.0
384,ODISHA,443,KUCHINDA,2019-09-01,Sambalpur,Odisha,771.0,24237.0,2019.0
384,ODISHA,892,MALKANGIRI,2020-04-01,Malkangiri,Odisha,758.0,24244.0,2020.0
384,ODISHA,442,NABARANGPUR,2018-10-01,South Andaman,Andaman & Nicobar Islands,1.0,24226.0,2018.0
384,ODISHA,3863,NARSINGHPUR,2022-06-01,Cuttack,Odisha,731.0,24270.0,2022.0
384,ODISHA,875,PADAMPUR OD,2020-05-01,South Andaman,Andaman & Nicobar Islands,1.0,24245.0,2020.0
384,ODISHA,896,NIMAPARA,2020-04-01,Puri,Odisha,767.0,24244.0,2020.0
384,ODISHA,3897,PALLAHARA,2022-06-01,Angul,Odisha,715.0,24270.0,2022.0
384,ODISHA,447,RAYAGADA,2019-01-01,Rayagada,Odisha,770.0,24229.0,2019.0
384,ODISHA,441,PARALAKHEMUNDI,2018-10-01,Gajapati,Odisha,736.0,24226.0,2018.0
384,ODISHA,900,PANPOSH,2020-05-01,Sundargarh,Odisha,777.0,24245.0,2020.0
384,ODISHA,882,RAHAMA,2020-05-01,Jagatsinghpur,Odisha,741.0,24245.0,2020.0
384,ODISHA,448,SAKHIGOPAL,2019-07-01,Puri,Odisha,768.0,24235.0,2019.0
384,ODISHA,3864,SAMBALPUR,2022-06-01,Sambalpur,Odisha,773.0,24270.0,2022.0
384,ODISHA,444,TIKABALI,2019-02-01,Kandhamal,Odisha,749.0,24230.0,2019.0
384,ODISHA,3865,TALCHER,2022-06-01,Angul,Odisha,716.0,24270.0,2022.0
384,ODISHA,4940,BIRAMAHARAJPUR,2023-02-01,Sonepur,Odisha,774.0,24278.0,2023.0
384,ODISHA,895,UDALA,2020-05-01,Mayurbhanj,Odisha,763.0,24245.0,2020.0
384,ODISHA,4942,CHAMPUA,2023-02-01,Keonjhar,Odisha,752.0,24278.0,2023.0
384,ODISHA,4941,BALANGIR,2023-02-01,Balangir,Odisha,717.0,24278.0,2023.0
384,ODISHA,4943,JUNAGARH,2023-02-01,Kalahandi,Odisha,745.0,24278.0,2023.0
384,ODISHA,4944,KEONJHAR,2023-02-01,Keonjhar,Odisha,753.0,24278.0,2023.0
384,ODISHA,4945,KHARIAR ROAD,2023-02-01,Nuapada,Odisha,766.0,24278.0,2023.0
384,ODISHA,4946,MUKHIGUDA,2023-02-01,Kalahandi,Odisha,747.0,24278.0,2023.0
384,ODISHA,4948,PATNAGARH,2023-02-01,Balangir,Odisha,719.0,24278.0,2023.0
384,ODISHA,4947,NILGIRI,2023-02-01,South Andaman,Andaman & Nicobar Islands,1.0,24278.0,2023.0
384,ODISHA,4949,RAIRAKHOL,2023-02-01,Sambalpur,Odisha,772.0,24278.0,2023.0
384,ODISHA,4950,RAIRANGPUR,2023-02-01,Mayurbhanj,Odisha,762.0,24278.0,2023.0
599,PUDUCHERRY,601,KARAIKAL,2018-10-01,Karaikal,Puducherry,779.0,24226.0,2018.0
599,PUDUCHERRY,600,THATTANCHAVADY,2018-10-01,South Andaman,Andaman & Nicobar Islands,1.0,24226.0,2018.0
384,ODISHA,4951,SARGIPALI,2023-02-01,Sundargarh,Odisha,778.0,24278.0,2023.0
602,PUNJAB,603,ABOHAR,2018-10-01,Fazilka,Punjab,801.0,24226.0,2018.0
602,PUNJAB,4100,AJNALA,2022-06-01,Amritsar,Punjab,781.0,24270.0,2022.0
602,PUNJAB,604,AMRITSAR,2018-10-01,Amritsar,Punjab,782.0,24226.0,2018.0
602,PUNJAB,917,AMLOH APMC,2020-05-01,Fatehgarh Sahib,Punjab,799.0,24245.0,2020.0
602,PUNJAB,4101,ATTARI,2022-06-01,South Andaman,Andaman & Nicobar Islands,1.0,24270.0,2022.0
602,PUNJAB,4102,BALACHAUR,2022-07-01,Shaheed Bhagat Singh Nagar,Punjab,849.0,24271.0,2022.0
602,PUNJAB,605,BARNALA,2018-10-01,Barnala,Punjab,787.0,24226.0,2018.0
602,PUNJAB,4103,BARETA,2022-06-01,Mansa,Punjab,827.0,24270.0,2022.0
602,PUNJAB,4105,BANGA,2022-07-01,Shaheed Bhagat Singh Nagar,Punjab,850.0,24271.0,2022.0
602,PUNJAB,606,BHATINDA,2018-10-01,South Andaman,Andaman & Nicobar Islands,1.0,24226.0,2018.0
602,PUNJAB,4106,BATALA,2022-06-01,Gurdaspur,Punjab,809.0,24270.0,2022.0
602,PUNJAB,915,BHIKHI APMC,2020-05-01,Mansa,Punjab,828.0,24245.0,2020.0
602,PUNJAB,4109,BHIKHIWIND,2022-06-01,Tarn Taran Sahib,Punjab,855.0,24270.0,2022.0
602,PUNJAB,4110,BHOGPUR,2022-06-01,Jalandhar,Punjab,816.0,24270.0,2022.0
602,PUNJAB,901,BHUCHO MANDI APMC,2020-05-01,Bathinda,Punjab,790.0,24245.0,2020.0
602,PUNJAB,902,BUDHLADA APMC,2020-05-01,Mansa,Punjab,829.0,24245.0,2020.0
602,PUNJAB,4111,DERA BABA NANAK,2022-06-01,Gurdaspur,Punjab,810.0,24270.0,2022.0
602,PUNJAB,4112,DHURI,2022-07-01,Sangrur,Punjab,842.0,24271.0,2022.0
602,PUNJAB,4113,DUDAN SADHAN,2022-06-01,Patiala,Punjab,834.0,24270.0,2022.0
602,PUNJAB,4159,DINANAGAR,2022-07-01,Gurdaspur,Punjab,811.0,24271.0,2022.0
602,PUNJAB,903,FARIDKOT APMC,2020-05-01,Faridkot,Punjab,795.0,24245.0,2020.0
602,PUNJAB,611,FAZILKA,2018-10-01,Fazilka,Punjab,802.0,24226.0,2018.0
602,PUNJAB,609,FATHEGARH SAHIB,2018-10-01,South Andaman,Andaman & Nicobar Islands,1.0,24226.0,2018.0
602,PUNJAB,4114,FATEHGARH CHURIAN,2022-07-01,Gurdaspur,Punjab,812.0,24271.0,2022.0
602,PUNJAB,614,GONIANA,2018-10-01,Bathinda,Punjab,791.0,24226.0,2018.0
602,PUNJAB,613,GIDDERBAHA,2018-10-01,Sri Muktsar Sahib,Punjab,852.0,24226.0,2018.0
602,PUNJAB,4115,FEROZEPUR CANTT,2022-07-01,South Andaman,Andaman & Nicobar Islands,1.0,24271.0,2022.0
602,PUNJAB,904,FEROZEPUR CITY APMC,2020-05-01,South Andaman,Andaman & Nicobar Islands,1.0,24245.0,2020.0
602,PUNJAB,616,HOSHIYARPUR,2018-10-01,South Andaman,Andaman & Nicobar Islands,1.0,24226.0,2018.0
602,PUNJAB,905,GURDASPUR APMC,2020-05-01,Gurdaspur,Punjab,813.0,24245.0,2020.0
602,PUNJAB,4116,GURUHARSAHAI,2022-07-01,Ferozpur,Punjab,806.0,24271.0,2022.0
602,PUNJAB,4157,JAGRAON,2022-07-01,Ludhiana,Punjab,823.0,24271.0,2022.0
602,PUNJAB,617,JALANDHAR,2018-10-01,Jalandhar,Punjab,817.0,24226.0,2018.0
602,PUNJAB,4117,JAITO,2022-07-01,Faridkot,Punjab,796.0,24271.0,2022.0
602,PUNJAB,4118,JALALBAD,2022-07-01,Fazilka,Punjab,803.0,24271.0,2022.0
602,PUNJAB,4120,JANDIALA GURU GEHRI,2022-06-01,Amritsar,Punjab,784.0,24270.0,2022.0
602,PUNJAB,4121,KALANAUR,2022-06-01,Gurdaspur,Punjab,814.0,24270.0,2022.0
602,PUNJAB,906,KAPURTHALA APMC,2020-05-01,Kapurthala,Punjab,820.0,24245.0,2020.0
602,PUNJAB,4122,KHANAURI,2022-07-01,Sangrur,Punjab,843.0,24271.0,2022.0
602,PUNJAB,918,KHANNA APMC,2020-05-01,Ludhiana,Punjab,824.0,24245.0,2020.0
602,PUNJAB,907,KHARAR APMC,2020-05-01,S.A.S Nagar,Punjab,841.0,24245.0,2020.0
602,PUNJAB,4123,KHEMKARAN,2022-06-01,Tarn Taran Sahib,Punjab,856.0,24270.0,2022.0
602,PUNJAB,908,KOTKAPURA APMC,2020-05-01,Faridkot,Punjab,797.0,24245.0,2020.0
602,PUNJAB,4124,LEHRAGAGA,2022-06-01,Sangrur,Punjab,844.0,24270.0,2022.0
602,PUNJAB,909,LUDHIANA APMC,2020-05-01,Ludhiana,Punjab,825.0,24245.0,2020.0
602,PUNJAB,4160,MACHHIWARA SAHIB,2022-07-01,Ludhiana,Punjab,826.0,24271.0,2022.0
602,PUNJAB,4158,MAKHU,2022-07-01,Ferozpur,Punjab,807.0,24271.0,2022.0
602,PUNJAB,621,MANSA,2018-10-01,Mansa,Punjab,830.0,24226.0,2018.0
602,PUNJAB,910,MALOUT APMC,2020-05-01,Sri Muktsar Sahib,Punjab,853.0,24245.0,2020.0
602,PUNJAB,4162,MALERKOTLA,2022-06-01,Sangrur,Punjab,845.0,24270.0,2022.0
602,PUNJAB,620,MAUR,2018-10-01,Bathinda,Punjab,792.0,24226.0,2018.0
602,PUNJAB,622,MUKTSAR,2018-10-01,Sri Muktsar Sahib,Punjab,854.0,24226.0,2018.0
602,PUNJAB,911,MOGA APMC,2020-05-01,Moga,Punjab,832.0,24245.0,2020.0
602,PUNJAB,4163,MEHTA,2022-06-01,Amritsar,Punjab,785.0,24270.0,2022.0
602,PUNJAB,4126,MOONAK,2022-06-01,Sangrur,Punjab,846.0,24270.0,2022.0
602,PUNJAB,4141,NABHA,2022-06-01,Patiala,Punjab,835.0,24270.0,2022.0
602,PUNJAB,4161,NAKODAR,2022-06-01,Jalandhar,Punjab,818.0,24270.0,2022.0
602,PUNJAB,912,NAWANSHAHR MARKET,2020-07-01,Shaheed Bhagat Singh Nagar,Punjab,851.0,24247.0,2020.0
602,PUNJAB,4127,NAUSHEHARA PANNUAN,2022-07-01,Tarn Taran Sahib,Punjab,857.0,24271.0,2022.0
602,PUNJAB,624,PATHANKOT,2018-10-01,Pathankot,Punjab,833.0,24226.0,2018.0
602,PUNJAB,625,PATIALA,2018-10-01,Patiala,Punjab,836.0,24226.0,2018.0
602,PUNJAB,4128,PATRAN,2022-06-01,Patiala,Punjab,837.0,24270.0,2022.0
602,PUNJAB,4129,PATTI,2022-07-01,Tarn Taran Sahib,Punjab,858.0,24271.0,2022.0
602,PUNJAB,4130,PHAGWARA,2022-07-01,Kapurthala,Punjab,821.0,24271.0,2022.0
602,PUNJAB,4131,RAJPURA,2022-06-01,Patiala,Punjab,838.0,24270.0,2022.0
602,PUNJAB,626,RAMPURA PHUL,2018-10-01,Bathinda,Punjab,794.0,24226.0,2018.0
602,PUNJAB,913,RAMAN APMC,2020-05-01,Bathinda,Punjab,793.0,24245.0,2020.0
602,PUNJAB,627,ROPAR,2018-10-01,Rupnagar,Punjab,840.0,24226.0,2018.0
602,PUNJAB,631,SANGRUR,2018-10-01,Sangrur,Punjab,847.0,24226.0,2018.0
602,PUNJAB,4132,RAYYA,2022-07-01,Amritsar,Punjab,786.0,24271.0,2022.0
602,PUNJAB,4133,SADIQ,2022-07-01,Faridkot,Punjab,798.0,24271.0,2022.0
602,PUNJAB,4134,SAMANA,2022-06-01,Patiala,Punjab,839.0,24270.0,2022.0
602,PUNJAB,914,SARDULGARH APMC,2020-05-01,Mansa,Punjab,831.0,24245.0,2020.0
602,PUNJAB,4135,SHAHKOT,2022-06-01,Jalandhar,Punjab,819.0,24270.0,2022.0
602,PUNJAB,632,TAPPA,2018-10-01,Barnala,Punjab,788.0,24226.0,2018.0
602,PUNJAB,4138,SUNAM,2022-06-01,Sangrur,Punjab,848.0,24270.0,2022.0
602,PUNJAB,4137,SULTANPUR LODHI,2022-07-01,Kapurthala,Punjab,822.0,24271.0,2022.0
602,PUNJAB,4139,TALWANDI BHAI,2022-06-01,Ferozpur,Punjab,808.0,24270.0,2022.0
602,PUNJAB,916,TARN TARAN APMC,2020-05-01,Tarn Taran Sahib,Punjab,859.0,24245.0,2020.0
26,RAJASTHAN,1080,AABU ROAD,2020-04-01,Sirohi,Rajasthan,980.0,24244.0,2020.0
26,RAJASTHAN,1082,AJMER F AND V,2020-04-01,South Andaman,Andaman & Nicobar Islands,1.0,24244.0,2020.0
26,RAJASTHAN,1081,AJMER GRAIN,2020-04-01,Ajmer,Rajasthan,861.0,24244.0,2020.0
26,RAJASTHAN,163,ATRU,2018-10-01,Baran,Rajasthan,872.0,24226.0,2018.0
26,RAJASTHAN,1083,ALWAR,2020-04-01,Alwar,Rajasthan,866.0,24244.0,2020.0
26,RAJASTHAN,1084,ANOOPGARH,2020-04-01,Sri Ganganagar,Rajasthan,981.0,24244.0,2020.0
26,RAJASTHAN,1085,ANTA,2020-04-01,Baran,Rajasthan,871.0,24244.0,2020.0
26,RAJASTHAN,323,BANDIKUI,2018-10-01,Dausa,Rajasthan,909.0,24226.0,2018.0
26,RAJASTHAN,1086,BAJJU,2020-04-01,Bikaner,Rajasthan,888.0,24244.0,2020.0
26,RAJASTHAN,1087,BALOTRA,2020-04-01,Barmer,Rajasthan,875.0,24244.0,2020.0
26,RAJASTHAN,164,BARAN,2018-10-01,Baran,Rajasthan,873.0,24226.0,2018.0
26,RAJASTHAN,1088,BANSWARA,2020-04-01,Banswara,Rajasthan,870.0,24244.0,2020.0
26,RAJASTHAN,1090,BARISADRI,2020-04-01,Chittorgarh,Rajasthan,899.0,24244.0,2020.0
26,RAJASTHAN,1091,BARMER,2020-04-01,Barmer,Rajasthan,876.0,24244.0,2020.0
26,RAJASTHAN,1092,BARODAMEV,2020-04-01,Alwar,Rajasthan,867.0,24244.0,2020.0
26,RAJASTHAN,1093,BASSI,2020-04-01,Jaipur,Rajasthan,925.0,24244.0,2020.0
26,RAJASTHAN,1094,BAYANA,2020-04-01,Bharatpur,Rajasthan,877.0,24244.0,2020.0
26,RAJASTHAN,1096,BEGU,2020-04-01,Chittorgarh,Rajasthan,900.0,24244.0,2020.0
26,RAJASTHAN,1095,BEAWAR,2020-04-01,Ajmer,Rajasthan,862.0,24244.0,2020.0
26,RAJASTHAN,1097,BHADRA,2020-04-01,Hanumangarh,Rajasthan,917.0,24244.0,2020.0
26,RAJASTHAN,1098,BHAGAT KI KOTHI,2020-04-01,Jodhpur,Rajasthan,949.0,24244.0,2020.0
26,RAJASTHAN,1099,BHARATPUR,2020-04-01,Bharatpur,Rajasthan,878.0,24244.0,2020.0
26,RAJASTHAN,1100,BHAWANI MANDI,2020-04-01,Jhalawar,Rajasthan,939.0,24244.0,2020.0
26,RAJASTHAN,1101,BHILWARA,2020-04-01,Bhilwara,Rajasthan,883.0,24244.0,2020.0
26,RAJASTHAN,1102,BHINMAL,2020-04-01,Jalore,Rajasthan,935.0,24244.0,2020.0
26,RAJASTHAN,1103,BIJAY NAGAR,2020-04-01,South Andaman,Andaman & Nicobar Islands,1.0,24244.0,2020.0
26,RAJASTHAN,1105,BIKANER F AND V,2020-04-01,South Andaman,Andaman & Nicobar Islands,1.0,24244.0,2020.0
26,RAJASTHAN,1104,BIJOLIYA,2020-04-01,Bhilwara,Rajasthan,884.0,24244.0,2020.0
26,RAJASTHAN,333,BIKANER GRAIN,2018-10-01,Bikaner,Rajasthan,890.0,24226.0,2018.0
26,RAJASTHAN,165,BUNDI,2018-10-01,Bundi,Rajasthan,895.0,24226.0,2018.0
26,RAJASTHAN,1106,BILARA,2020-04-01,Jodhpur,Rajasthan,950.0,24244.0,2020.0
26,RAJASTHAN,1107,CHABRA,2020-04-01,Baran,Rajasthan,874.0,24244.0,2020.0
26,RAJASTHAN,1108,CHAKSU,2020-04-01,Jaipur,Rajasthan,926.0,24244.0,2020.0
26,RAJASTHAN,1109,CHIRAWA,2020-04-01,Jhunjhunu,Rajasthan,944.0,24244.0,2020.0
26,RAJASTHAN,1110,CHITTORGARH,2020-04-01,Chittorgarh,Rajasthan,901.0,24244.0,2020.0
26,RAJASTHAN,1111,CHOMEHLA,2020-04-01,Jhalawar,Rajasthan,940.0,24244.0,2020.0
26,RAJASTHAN,1113,CHOMU F AND V,2020-04-01,South Andaman,Andaman & Nicobar Islands,1.0,24244.0,2020.0
26,RAJASTHAN,1112,CHOMU GRAIN,2020-04-01,Jaipur,Rajasthan,928.0,24244.0,2020.0
26,RAJASTHAN,1114,CHOTTISADRI,2020-04-01,Pratapgarh,Rajasthan,970.0,24244.0,2020.0
26,RAJASTHAN,1115,CHURU,2020-04-01,Churu,Rajasthan,904.0,24244.0,2020.0
26,RAJASTHAN,1116,DAUSA,2020-04-01,Dausa,Rajasthan,910.0,24244.0,2020.0
26,RAJASTHAN,1117,DEEDWANA,2020-04-01,Nagaur,Rajasthan,960.0,24244.0,2020.0
26,RAJASTHAN,1118,DEEG,2020-04-01,Bharatpur,Rajasthan,879.0,24244.0,2020.0
26,RAJASTHAN,1119,DEGANA,2020-04-01,Nagaur,Rajasthan,961.0,24244.0,2020.0
26,RAJASTHAN,324,DEOLI,2018-10-01,Tonk,Rajasthan,996.0,24226.0,2018.0
26,RAJASTHAN,1120,DEI,2020-04-01,Bundi,Rajasthan,896.0,24244.0,2020.0
26,RAJASTHAN,169,FATEHNAGAR,2018-10-01,Udaipur,Rajasthan,1002.0,24226.0,2018.0
26,RAJASTHAN,1121,DHOLPUR,2020-04-01,Dholpur,Rajasthan,915.0,24244.0,2020.0
26,RAJASTHAN,1122,DOONI,2020-04-01,Tonk,Rajasthan,997.0,24244.0,2020.0
26,RAJASTHAN,1123,DUNGARPUR,2020-04-01,Dungarpur,Rajasthan,916.0,24244.0,2020.0
26,RAJASTHAN,166,GANGAPUR CITY,2018-10-01,Sawai Madhopur,Rajasthan,973.0,24226.0,2018.0
26,RAJASTHAN,1124,FATEHPUR,2020-04-01,South Andaman,Andaman & Nicobar Islands,1.0,24244.0,2020.0
26,RAJASTHAN,1125,GAJSINGHPUR,2020-04-01,Sri Ganganagar,Rajasthan,982.0,24244.0,2020.0
26,RAJASTHAN,1126,GANGAPUR-RJ,2020-04-01,Bhilwara,Rajasthan,885.0,24244.0,2020.0
26,RAJASTHAN,1127,GHARSANA,2020-04-01,Sri Ganganagar,Rajasthan,983.0,24244.0,2020.0
26,RAJASTHAN,1128,GOLUWALA,2020-04-01,Hanumangarh,Rajasthan,918.0,24244.0,2020.0
26,RAJASTHAN,1129,GUDA GODJI,2020-04-01,South Andaman,Andaman & Nicobar Islands,1.0,24244.0,2020.0
26,RAJASTHAN,1130,HANUMANGARH,2020-04-01,Hanumangarh,Rajasthan,919.0,24244.0,2020.0
26,RAJASTHAN,167,HINDOUN,2018-10-01,Karauli,Rajasthan,955.0,24226.0,2018.0
26,RAJASTHAN,3842,HANUMANGARH TOWN,2022-06-01,Hanumangarh,Rajasthan,920.0,24270.0,2022.0
26,RAJASTHAN,1131,IKLERA,2020-04-01,Jhalawar,Rajasthan,941.0,24244.0,2020.0
26,RAJASTHAN,1132,ITAWA,2020-04-01,Kota,Rajasthan,956.0,24244.0,2020.0
26,RAJASTHAN,1133,JAIPUR F AND V MUHANA,2020-04-01,South Andaman,Andaman & Nicobar Islands,1.0,24244.0,2020.0
26,RAJASTHAN,1134,JAIPUR GRAIN,2020-04-01,Jaipur,Rajasthan,930.0,24244.0,2020.0
26,RAJASTHAN,1135,JAISALMER,2020-04-01,Jaisalmer,Rajasthan,934.0,24244.0,2020.0
26,RAJASTHAN,1136,JAITARAN,2020-04-01,Pali,Rajasthan,965.0,24244.0,2020.0
26,RAJASTHAN,1137,JAITSAR,2020-04-01,Sri Ganganagar,Rajasthan,984.0,24244.0,2020.0
26,RAJASTHAN,1138,JALORE,2020-04-01,Jalore,Rajasthan,936.0,24244.0,2020.0
26,RAJASTHAN,1139,JHALRAPATAN,2020-04-01,Jhalawar,Rajasthan,942.0,24244.0,2020.0
26,RAJASTHAN,1140,JHUNJHUNU,2020-04-01,Jhunjhunu,Rajasthan,946.0,24244.0,2020.0
26,RAJASTHAN,322,JODHPUR GRAIN,2018-10-01,Jodhpur,Rajasthan,952.0,24226.0,2018.0
26,RAJASTHAN,326,KAMAN,2018-10-01,Bharatpur,Rajasthan,880.0,24226.0,2018.0
26,RAJASTHAN,1141,JODHPUR F AND V,2020-04-01,South Andaman,Andaman & Nicobar Islands,1.0,24244.0,2020.0
26,RAJASTHAN,332,KESHORAIPATAN,2018-10-01,Bundi,Rajasthan,897.0,24226.0,2018.0
26,RAJASTHAN,1142,KAPASAN,2020-04-01,Chittorgarh,Rajasthan,902.0,24244.0,2020.0
26,RAJASTHAN,1143,KEKRI,2020-04-01,Ajmer,Rajasthan,864.0,24244.0,2020.0
26,RAJASTHAN,1144,KESRISINGHPUR,2020-04-01,Sri Ganganagar,Rajasthan,985.0,24244.0,2020.0
26,RAJASTHAN,1145,KHAIRTHAL,2020-04-01,Alwar,Rajasthan,868.0,24244.0,2020.0
26,RAJASTHAN,1146,KHAJUWALA,2020-04-01,Bikaner,Rajasthan,891.0,24244.0,2020.0
26,RAJASTHAN,1147,KHANPUR,2020-04-01,Jhalawar,Rajasthan,943.0,24244.0,2020.0
26,RAJASTHAN,1148,KHERLI,2020-04-01,Alwar,Rajasthan,869.0,24244.0,2020.0
26,RAJASTHAN,168,KOTA,2018-10-01,South Andaman,Andaman & Nicobar Islands,1.0,24226.0,2018.0
26,RAJASTHAN,1149,KISHANGARH RENWAL,2020-04-01,Jaipur,Rajasthan,931.0,24244.0,2020.0
26,RAJASTHAN,1150,KOTA F AND V,2020-04-01,South Andaman,Andaman & Nicobar Islands,1.0,24244.0,2020.0
26,RAJASTHAN,1151,KOTPUTLI,2020-04-01,Jaipur,Rajasthan,932.0,24244.0,2020.0
26,RAJASTHAN,1152,KUCHAMANCITY,2020-04-01,South Andaman,Andaman & Nicobar Islands,1.0,24244.0,2020.0
26,RAJASTHAN,1154,LALSOT,2020-04-01,Dausa,Rajasthan,911.0,24244.0,2020.0
26,RAJASTHAN,1155,LOONKARANSAR,2020-04-01,South Andaman,Andaman & Nicobar Islands,1.0,24244.0,2020.0
26,RAJASTHAN,1156,M. KISHANGARH,2020-04-01,South Andaman,Andaman & Nicobar Islands,1.0,24244.0,2020.0
26,RAJASTHAN,1159,MAHUWA MANDAWAR,2020-04-01,South Andaman,Andaman & Nicobar Islands,1.0,24244.0,2020.0
26,RAJASTHAN,1157,MAHUWA RJ,2020-04-01,South Andaman,Andaman & Nicobar Islands,1.0,24244.0,2020.0
26,RAJASTHAN,327,MANDAWARI,2018-10-01,Dausa,Rajasthan,914.0,24226.0,2018.0
26,RAJASTHAN,1089,MALPURA,2020-04-01,Tonk,Rajasthan,998.0,24244.0,2020.0
26,RAJASTHAN,1158,MANDALGARH,2020-04-01,Bhilwara,Rajasthan,886.0,24244.0,2020.0
26,RAJASTHAN,170,MERTA CITY,2018-10-01,Nagaur,Rajasthan,963.0,24226.0,2018.0
26,RAJASTHAN,328,NADBAI,2018-10-01,Bharatpur,Rajasthan,881.0,24226.0,2018.0
26,RAJASTHAN,423,NAGAR,2018-10-01,Bharatpur,Rajasthan,882.0,24226.0,2018.0
26,RAJASTHAN,230,NAGOUR,2018-10-01,South Andaman,Andaman & Nicobar Islands,1.0,24226.0,2018.0
26,RAJASTHAN,321,NIWAI,2018-10-01,Tonk,Rajasthan,999.0,24226.0,2018.0
26,RAJASTHAN,1160,NAWALGARH,2020-04-01,Jhunjhunu,Rajasthan,947.0,24244.0,2020.0
26,RAJASTHAN,1161,NEEM KA THANA,2020-04-01,Sikar,Rajasthan,976.0,24244.0,2020.0
26,RAJASTHAN,1162,NIMBAHERA,2020-04-01,Chittorgarh,Rajasthan,903.0,24244.0,2020.0
26,RAJASTHAN,329,NOKHA,2018-10-01,Bikaner,Rajasthan,893.0,24226.0,2018.0
26,RAJASTHAN,171,PADAMPUR,2018-10-01,Sri Ganganagar,Rajasthan,986.0,24226.0,2018.0
26,RAJASTHAN,1163,NOHAR,2020-04-01,Hanumangarh,Rajasthan,921.0,24244.0,2020.0
26,RAJASTHAN,1164,PALI,2020-04-01,Pali,Rajasthan,966.0,24244.0,2020.0
26,RAJASTHAN,1165,PALSANA,2020-04-01,Sikar,Rajasthan,977.0,24244.0,2020.0
26,RAJASTHAN,1166,PHALODI,2020-04-01,Jodhpur,Rajasthan,953.0,24244.0,2020.0
26,RAJASTHAN,1167,PILIBANGA,2020-04-01,Hanumangarh,Rajasthan,922.0,24244.0,2020.0
26,RAJASTHAN,1168,PIPARCITY,2020-04-01,Jodhpur,Rajasthan,954.0,24244.0,2020.0
26,RAJASTHAN,1169,PRATAPGARH RJ,2020-04-01,South Andaman,Andaman & Nicobar Islands,1.0,24244.0,2020.0
26,RAJASTHAN,1170,RAISINGHNAGAR,2020-04-01,Sri Ganganagar,Rajasthan,987.0,24244.0,2020.0
26,RAJASTHAN,1153,RAJDHANI MANDI KUKARKHERA,2020-04-01,South Andaman,Andaman & Nicobar Islands,1.0,24244.0,2020.0
26,RAJASTHAN,27,RAMGANJ MANDI,2018-10-01,Kota,Rajasthan,959.0,24226.0,2018.0
26,RAJASTHAN,1171,RAJSAMAND,2020-04-01,Rajsamand,Rajasthan,972.0,24244.0,2020.0
26,RAJASTHAN,1172,RANI,2020-04-01,Pali,Rajasthan,967.0,24244.0,2020.0
26,RAJASTHAN,1173,RANIWARA,2020-04-01,Jalore,Rajasthan,937.0,24244.0,2020.0
26,RAJASTHAN,1174,RATANGARH,2020-04-01,Churu,Rajasthan,905.0,24244.0,2020.0
26,RAJASTHAN,1175,RAWATSAR,2020-04-01,Hanumangarh,Rajasthan,923.0,24244.0,2020.0
26,RAJASTHAN,1176,RAWLA,2020-04-01,Sri Ganganagar,Rajasthan,988.0,24244.0,2020.0
26,RAJASTHAN,1177,RIDMALSAR,2020-04-01,Sri Ganganagar,Rajasthan,989.0,24244.0,2020.0
26,RAJASTHAN,1178,SADULPUR,2020-04-01,Churu,Rajasthan,906.0,24244.0,2020.0
26,RAJASTHAN,1179,SADULSHAHAR,2020-04-01,Sri Ganganagar,Rajasthan,990.0,24244.0,2020.0
26,RAJASTHAN,1180,SANCHORE,2020-04-01,Jalore,Rajasthan,938.0,24244.0,2020.0
26,RAJASTHAN,1181,SANGARIYA,2020-04-01,Hanumangarh,Rajasthan,924.0,24244.0,2020.0
26,RAJASTHAN,1182,SARDAR SHAHAR,2020-04-01,Churu,Rajasthan,907.0,24244.0,2020.0
26,RAJASTHAN,1183,SAWAI MADHOPUR,2020-04-01,Sawai Madhopur,Rajasthan,974.0,24244.0,2020.0
26,RAJASTHAN,1184,SHAHPURA,2020-04-01,Bhilwara,Rajasthan,887.0,24244.0,2020.0
26,RAJASTHAN,1185,SIKAR,2020-04-01,Sikar,Rajasthan,978.0,24244.0,2020.0
26,RAJASTHAN,1186,SOJAT ROAD,2020-04-01,Pali,Rajasthan,968.0,24244.0,2020.0
26,RAJASTHAN,325,SRI GANGANAGAR GRAIN,2018-10-01,Sri Ganganagar,Rajasthan,992.0,24226.0,2018.0
26,RAJASTHAN,1187,SRI DUNGARGARH,2020-04-01,Bikaner,Rajasthan,894.0,24244.0,2020.0
26,RAJASTHAN,330,SRI MADHOPUR,2018-10-01,South Andaman,Andaman & Nicobar Islands,1.0,24226.0,2018.0
26,RAJASTHAN,1190,SRI VIJAYNAGAR,2020-04-01,Sri Ganganagar,Rajasthan,994.0,24244.0,2020.0
26,RAJASTHAN,1188,SRIGANGANAGAR F AND V,2020-04-01,South Andaman,Andaman & Nicobar Islands,1.0,24244.0,2020.0
26,RAJASTHAN,1189,SRIKARANPUR,2020-04-01,South Andaman,Andaman & Nicobar Islands,1.0,24244.0,2020.0
26,RAJASTHAN,1191,SUJANGARH,2020-04-01,Churu,Rajasthan,908.0,24244.0,2020.0
26,RAJASTHAN,331,SUMERPUR,2018-10-01,Pali,Rajasthan,969.0,24226.0,2018.0
26,RAJASTHAN,1192,SUMERGANJ,2020-04-01,Bundi,Rajasthan,898.0,24244.0,2020.0
26,RAJASTHAN,1193,SURAJGARH,2020-04-01,Jhunjhunu,Rajasthan,948.0,24244.0,2020.0
26,RAJASTHAN,1194,SURATGARH,2020-04-01,Sri Ganganagar,Rajasthan,995.0,24244.0,2020.0
26,RAJASTHAN,1195,TONK,2020-04-01,Tonk,Rajasthan,1000.0,24244.0,2020.0
26,RAJASTHAN,1196,UDAIPUR F AND V,2020-05-01,South Andaman,Andaman & Nicobar Islands,1.0,24245.0,2020.0
26,RAJASTHAN,1197,UDAIPUR GRAIN,2020-04-01,Udaipur,Rajasthan,1004.0,24244.0,2020.0
26,RAJASTHAN,1198,UNIYARA,2020-04-01,Tonk,Rajasthan,1001.0,24244.0,2020.0
509,TAMIL NADU,3962,ALANGUDI,2022-06-01,Pudukkottai,Tamil Nadu,1071.0,24270.0,2022.0
509,TAMIL NADU,520,AMMOOR,2018-10-01,Vellore,Tamil Nadu,1140.0,24226.0,2018.0
509,TAMIL NADU,682,ANAIMALAI,2018-10-01,Coimbatore,Tamil Nadu,1005.0,24226.0,2018.0
509,TAMIL NADU,3964,AMBASAMUTHIRAM,2022-06-01,Tirunelveli,Tamil Nadu,1118.0,24270.0,2022.0
509,TAMIL NADU,510,ANNUR,2018-10-01,Coimbatore,Tamil Nadu,1006.0,24226.0,2018.0
509,TAMIL NADU,514,ANTHIYUR,2018-10-01,Erode,Tamil Nadu,1034.0,24226.0,2018.0
509,TAMIL NADU,920,ARANI,2020-04-01,Tiruvannamalai,Tamil Nadu,1130.0,24244.0,2020.0
509,TAMIL NADU,3965,ARANTHANGI,2022-06-01,Pudukkottai,Tamil Nadu,1072.0,24270.0,2022.0
509,TAMIL NADU,3966,ARCOT,2022-06-01,Ranipet,Tamil Nadu,1080.0,24270.0,2022.0
509,TAMIL NADU,3967,ATTHUR,2022-06-01,Salem,Tamil Nadu,1081.0,24270.0,2022.0
509,TAMIL NADU,3968,AVALPOONDURAI,2022-06-01,Erode,Tamil Nadu,1035.0,24270.0,2022.0
509,TAMIL NADU,952,AVALURPET,2020-04-01,Villupuram,Tamil Nadu,1146.0,24244.0,2020.0
509,TAMIL NADU,3969,BATLAGUNDU,2022-06-01,Dindigul,Tamil Nadu,1027.0,24270.0,2022.0
509,TAMIL NADU,3970,BODINAYAKANUR,2022-06-01,Theni,Tamil Nadu,1106.0,24270.0,2022.0
509,TAMIL NADU,3971,BOOTHAPADI,2022-06-01,Erode,Tamil Nadu,1037.0,24270.0,2022.0
509,TAMIL NADU,3972,BUDALUR,2022-06-01,Thanjavur,Tamil Nadu,1100.0,24270.0,2022.0
509,TAMIL NADU,924,CHETPET,2020-04-01,Tiruvannamalai,Tamil Nadu,1131.0,24244.0,2020.0
509,TAMIL NADU,919,CHEYYAR,2020-04-01,Tiruvannamalai,Tamil Nadu,1132.0,24244.0,2020.0
509,TAMIL NADU,516,CUMBUM,2018-11-01,Theni,Tamil Nadu,1108.0,24227.0,2018.0
509,TAMIL NADU,3973,CHINNAMANUR,2022-06-01,Theni,Tamil Nadu,1107.0,24270.0,2022.0
509,TAMIL NADU,3974,CHINNASALEM,2022-06-01,Kallakurichi,Tamil Nadu,1048.0,24270.0,2022.0
509,TAMIL NADU,3975,CUDDALORE OT,2022-06-01,South Andaman,Andaman & Nicobar Islands,1.0,24270.0,2022.0
509,TAMIL NADU,921,DESUR,2020-04-01,Tiruvannamalai,Tamil Nadu,1133.0,24244.0,2020.0
509,TAMIL NADU,511,DINDIGUL,2018-10-01,Dindigul,Tamil Nadu,1028.0,24226.0,2018.0
509,TAMIL NADU,3976,DEVAKOTTAI,2022-06-01,Sivagangai,Tamil Nadu,1091.0,24270.0,2022.0
509,TAMIL NADU,3977,EDAPPADI,2022-06-01,Salem,Tamil Nadu,1082.0,24270.0,2022.0
509,TAMIL NADU,927,ERODE,2020-04-01,Erode,Tamil Nadu,1039.0,24244.0,2020.0
509,TAMIL NADU,3978,ELUMATHUR,2022-06-01,Erode,Tamil Nadu,1038.0,24270.0,2022.0
509,TAMIL NADU,524,GINGEE,2018-10-01,Villupuram,Tamil Nadu,1147.0,24226.0,2018.0
509,TAMIL NADU,3979,GANGAVALLI,2022-06-01,Salem,Tamil Nadu,1083.0,24270.0,2022.0
509,TAMIL NADU,512,GOBICHETTIPALAYAM,2018-10-01,South Andaman,Andaman & Nicobar Islands,1.0,24226.0,2018.0
509,TAMIL NADU,3980,GOPAL PATTI,2022-06-01,Dindigul,Tamil Nadu,1029.0,24270.0,2022.0
509,TAMIL NADU,938,GUDIYATHAM,2020-04-01,Vellore,Tamil Nadu,1141.0,24244.0,2020.0
509,TAMIL NADU,958,HARUR,2020-04-01,Dharmapuri,Tamil Nadu,1022.0,24244.0,2020.0
509,TAMIL NADU,3981,JEYANKONDAM,2022-06-01,South Andaman,Andaman & Nicobar Islands,1.0,24270.0,2022.0
509,TAMIL NADU,521,KALAVAI,2018-10-01,Vellore,Tamil Nadu,1142.0,24226.0,2018.0
509,TAMIL NADU,679,KALLAKURICHI,2018-10-01,Villupuram,Tamil Nadu,1148.0,24226.0,2018.0
509,TAMIL NADU,3982,KADAYANALLUR,2022-06-01,Tenkasi,Tamil Nadu,1096.0,24270.0,2022.0
509,TAMIL NADU,950,KAMUTHI,2020-04-01,Ramanathapuram,Tamil Nadu,1074.0,24244.0,2020.0
509,TAMIL NADU,945,KANCHEEPURAM,2020-04-01,Kancheepuram,Tamil Nadu,1050.0,24244.0,2020.0
509,TAMIL NADU,3983,KANGEYAM,2022-06-01,Tiruppur,Tamil Nadu,1121.0,24270.0,2022.0
509,TAMIL NADU,3984,KARIKUDI,2022-06-01,South Andaman,Andaman & Nicobar Islands,1.0,24270.0,2022.0
509,TAMIL NADU,956,KILPENNATHUR,2020-04-01,Tiruvannamalai,Tamil Nadu,1134.0,24244.0,2020.0
509,TAMIL NADU,3985,KATTUMANNARKOIL,2022-06-01,Cuddalore,Tamil Nadu,1015.0,24270.0,2022.0
509,TAMIL NADU,3989,KODUMUDI,2022-06-01,Erode,Tamil Nadu,1041.0,24270.0,2022.0
509,TAMIL NADU,3990,KONGANAPURAM,2022-06-01,Salem,Tamil Nadu,1085.0,24270.0,2022.0
509,TAMIL NADU,3991,KUDAVASAL,2022-06-01,Tiruvarur,Tamil Nadu,1138.0,24270.0,2022.0
509,TAMIL NADU,3992,KULASEKHARAM,2022-06-01,Kanyakumari,Tamil Nadu,1056.0,24270.0,2022.0
509,TAMIL NADU,687,LALGUDI,2018-10-01,Tiruchirapalli,Tamil Nadu,1113.0,24226.0,2018.0
509,TAMIL NADU,3993,KUMBAKONAM,2022-06-01,Thanjavur,Tamil Nadu,1101.0,24270.0,2022.0
509,TAMIL NADU,3994,KURUNJIPADY,2022-06-01,Cuddalore,Tamil Nadu,1016.0,24270.0,2022.0
509,TAMIL NADU,940,KUTHALAM,2020-04-01,Nagapattinam,Tamil Nadu,1062.0,24244.0,2020.0
509,TAMIL NADU,688,MADURAI,2018-10-01,Madurai,Tamil Nadu,1057.0,24226.0,2018.0
509,TAMIL NADU,3996,MADATHUKULAM,2022-06-01,Tiruppur,Tamil Nadu,1122.0,24270.0,2022.0
509,TAMIL NADU,944,MADURANATHANGAM,2020-04-01,Kancheepuram,Tamil Nadu,1051.0,24244.0,2020.0
509,TAMIL NADU,3997,MANALURPET,2022-06-01,Kallakurichi,Tamil Nadu,1049.0,24270.0,2022.0
509,TAMIL NADU,3998,MANAMADURAI,2022-06-01,Sivagangai,Tamil Nadu,1093.0,24270.0,2022.0
509,TAMIL NADU,4000,MANNARKUDI,2022-06-01,Thiruvarur,Tamil Nadu,1110.0,24270.0,2022.0
509,TAMIL NADU,941,MAYILADUTHURAI,2020-04-01,Nagapattinam,Tamil Nadu,1063.0,24244.0,2020.0
509,TAMIL NADU,4001,MECHERI,2022-06-01,Salem,Tamil Nadu,1086.0,24270.0,2022.0
509,TAMIL NADU,4002,MELUR,2022-06-01,Madurai,Tamil Nadu,1058.0,24270.0,2022.0
509,TAMIL NADU,934,MOOLANUR,2020-04-01,Tiruppur,Tamil Nadu,1123.0,24244.0,2020.0
509,TAMIL NADU,949,MUDHUKALATHUR,2020-04-01,Ramanathapuram,Tamil Nadu,1075.0,24244.0,2020.0
509,TAMIL NADU,929,NATHAM,2020-04-01,Dindigul,Tamil Nadu,1030.0,24244.0,2020.0
509,TAMIL NADU,4003,NAMAGIRIPETTAI,2022-06-01,Namakkal,Tamil Nadu,1067.0,24270.0,2022.0
509,TAMIL NADU,933,NEGAMAM,2020-04-01,Coimbatore,Tamil Nadu,1009.0,24244.0,2020.0
509,TAMIL NADU,931,ODDANCHATRAM,2020-04-01,Dindigul,Tamil Nadu,1031.0,24244.0,2020.0
509,TAMIL NADU,930,PALANI,2020-04-01,Dindigul,Tamil Nadu,1032.0,24244.0,2020.0
509,TAMIL NADU,4004,ORATHANADU,2022-06-01,Thanjavur,Tamil Nadu,1102.0,24270.0,2022.0
509,TAMIL NADU,928,PANRUTI,2020-04-01,Cuddalore,Tamil Nadu,1017.0,24244.0,2020.0
509,TAMIL NADU,515,PARAMAKUDI,2019-01-01,Ramanathapuram,Tamil Nadu,1076.0,24229.0,2019.0
509,TAMIL NADU,686,PARAMATHI VELUR,2018-10-01,Namakkal,Tamil Nadu,1068.0,24226.0,2018.0
509,TAMIL NADU,4005,PAPANASAM,2022-06-01,Thanjavur,Tamil Nadu,1103.0,24270.0,2022.0
509,TAMIL NADU,684,PERUNDURAI,2019-01-01,Erode,Tamil Nadu,1042.0,24229.0,2019.0
509,TAMIL NADU,519,PETHAPPAMPATTI,2019-01-01,Tiruppur,Tamil Nadu,1124.0,24229.0,2019.0
509,TAMIL NADU,4006,PATTUKKOTTAI,2022-06-01,Thanjavur,Tamil Nadu,1104.0,24270.0,2022.0
509,TAMIL NADU,4007,PAVOORCHATRAM,2022-06-01,Tenkasi,Tamil Nadu,1097.0,24270.0,2022.0
509,TAMIL NADU,4008,POCHAMPALLI,2022-06-01,Dharmapuri,Tamil Nadu,1026.0,24270.0,2022.0
509,TAMIL NADU,932,POLLACHI,2020-04-01,Coimbatore,Tamil Nadu,1010.0,24244.0,2020.0
509,TAMIL NADU,923,POLUR,2020-04-01,Tiruvannamalai,Tamil Nadu,1135.0,24244.0,2020.0
509,TAMIL NADU,4009,PONGALUR,2022-06-01,Tiruppur,Tamil Nadu,1125.0,24270.0,2022.0
509,TAMIL NADU,947,RAJAPALAYAM,2020-04-01,Virudhunagar,Tamil Nadu,1159.0,24244.0,2020.0
509,TAMIL NADU,4010,PUNJAI PULIAMPADDI,2022-06-01,Erode,Tamil Nadu,1043.0,24270.0,2022.0
509,TAMIL NADU,951,RAJASINGAMANGALAM,2020-04-01,Ramanathapuram,Tamil Nadu,1077.0,24244.0,2020.0
509,TAMIL NADU,4011,RAMANATHAPURAM,2022-06-01,Ramanathapuram,Tamil Nadu,1078.0,24270.0,2022.0
509,TAMIL NADU,4012,REDHILLS,2022-06-01,Kancheepuram,Tamil Nadu,1052.0,24270.0,2022.0
509,TAMIL NADU,4013,SALEM,2022-06-01,Salem,Tamil Nadu,1088.0,24270.0,2022.0
509,TAMIL NADU,4014,SANKARANKOVIL,2022-06-01,Tenkasi,Tamil Nadu,1098.0,24270.0,2022.0
509,TAMIL NADU,513,SATHYAMANGALAM,2018-10-01,Erode,Tamil Nadu,1044.0,24226.0,2018.0
509,TAMIL NADU,925,SANKARAPURAM,2020-04-01,Villupuram,Tamil Nadu,1150.0,24244.0,2020.0
509,TAMIL NADU,942,SEMBANARKOIL,2020-04-01,Nagapattinam,Tamil Nadu,1064.0,24244.0,2020.0
509,TAMIL NADU,4015,SETHIATHOPE,2022-06-01,Cuddalore,Tamil Nadu,1018.0,24270.0,2022.0
509,TAMIL NADU,943,SIRKALI,2020-04-01,Nagapattinam,Tamil Nadu,1065.0,24244.0,2020.0
509,TAMIL NADU,4016,SINGAMPUNERI,2022-06-01,Sivagangai,Tamil Nadu,1094.0,24270.0,2022.0
509,TAMIL NADU,4017,SIVAGANGAI,2022-06-01,Sivagangai,Tamil Nadu,1095.0,24270.0,2022.0
509,TAMIL NADU,4018,SIVAGIRI,2022-06-01,Erode,Tamil Nadu,1045.0,24270.0,2022.0
509,TAMIL NADU,4020,SRIMUSHNAM,2022-06-01,Cuddalore,Tamil Nadu,1019.0,24270.0,2022.0
509,TAMIL NADU,4021,SRIVAIKUNDAM,2022-06-01,Thoothukudi,Tamil Nadu,1112.0,24270.0,2022.0
509,TAMIL NADU,4022,T VADIPATTI,2022-06-01,Madurai,Tamil Nadu,1059.0,24270.0,2022.0
509,TAMIL NADU,4024,TENKASI,2022-06-01,Tenkasi,Tamil Nadu,1099.0,24270.0,2022.0
509,TAMIL NADU,946,THENI,2020-04-01,Theni,Tamil Nadu,1109.0,24244.0,2020.0
509,TAMIL NADU,4025,THANJAVUR,2022-06-01,Thanjavur,Tamil Nadu,1105.0,24270.0,2022.0
509,TAMIL NADU,523,THIRUKOVILUR,2018-10-01,Villupuram,Tamil Nadu,1151.0,24226.0,2018.0
509,TAMIL NADU,517,THIRUPPUR,2019-01-01,Tiruppur,Tamil Nadu,1127.0,24229.0,2019.0
509,TAMIL NADU,936,THIRUPATHUR,2020-04-01,Vellore,Tamil Nadu,1143.0,24244.0,2020.0
509,TAMIL NADU,4026,THIRUPOONDI,2022-06-01,Nagapattinam,Tamil Nadu,1066.0,24270.0,2022.0
509,TAMIL NADU,4027,THIRUVADANAI,2022-06-01,Ramanathapuram,Tamil Nadu,1079.0,24270.0,2022.0
509,TAMIL NADU,926,THIYAGADURGAM,2020-04-01,Villupuram,Tamil Nadu,1152.0,24244.0,2020.0
509,TAMIL NADU,4028,THUVARANKURICHY,2022-06-01,Tiruchirapalli,Tamil Nadu,1116.0,24270.0,2022.0
509,TAMIL NADU,953,TINDIVANAM,2020-04-01,Villupuram,Tamil Nadu,1153.0,24244.0,2020.0
509,TAMIL NADU,4029,TIRUNELVELI,2022-06-01,Tirunelveli,Tamil Nadu,1119.0,24270.0,2022.0
509,TAMIL NADU,518,UDUMALPET,2018-12-01,Tiruppur,Tamil Nadu,1128.0,24228.0,2018.0
509,TAMIL NADU,522,ULUNDURPETTAI,2018-10-01,Villupuram,Tamil Nadu,1154.0,24226.0,2018.0
509,TAMIL NADU,4030,TIRUVARUR,2022-06-01,Thiruvarur,Tamil Nadu,1111.0,24270.0,2022.0
509,TAMIL NADU,939,USILAMPATTI,2020-04-01,Madurai,Tamil Nadu,1061.0,24244.0,2020.0
509,TAMIL NADU,4031,VALANGAIMAN,2022-06-01,Tiruvarur,Tamil Nadu,1139.0,24270.0,2022.0
509,TAMIL NADU,957,VANDAVASI,2020-04-01,Tiruvannamalai,Tamil Nadu,1136.0,24244.0,2020.0
509,TAMIL NADU,3963,VALLIOOR,2022-06-01,Tirunelveli,Tamil Nadu,1120.0,24270.0,2022.0
509,TAMIL NADU,685,VELLAKOIL,2018-10-01,Tiruppur,Tamil Nadu,1129.0,24226.0,2018.0
509,TAMIL NADU,937,VANIYAMBADI,2020-04-01,Vellore,Tamil Nadu,1144.0,24244.0,2020.0
509,TAMIL NADU,935,VELLORE,2020-04-01,Vellore,Tamil Nadu,1145.0,24244.0,2020.0
509,TAMIL NADU,4032,VAZHAPPADI,2022-06-01,Salem,Tamil Nadu,1090.0,24270.0,2022.0
509,TAMIL NADU,922,VETTAVALAM,2020-04-01,Tiruvannamalai,Tamil Nadu,1137.0,24244.0,2020.0
509,TAMIL NADU,955,VIKIRAVANDI,2020-04-01,Villupuram,Tamil Nadu,1156.0,24244.0,2020.0
509,TAMIL NADU,683,VIRUDHACHALAM,2018-10-01,Cuddalore,Tamil Nadu,1020.0,24226.0,2018.0
509,TAMIL NADU,954,VILLUPURAM,2020-04-01,Villupuram,Tamil Nadu,1157.0,24244.0,2020.0
509,TAMIL NADU,948,VIRUDHUNAGAR,2020-04-01,Virudhunagar,Tamil Nadu,1161.0,24244.0,2020.0
509,TAMIL NADU,4956,MARAKKANAM,2023-03-01,Villupuram,Tamil Nadu,1149.0,24279.0,2023.0
509,TAMIL NADU,4957,VALATHI,2023-03-01,Villupuram,Tamil Nadu,1155.0,24279.0,2023.0
509,TAMIL NADU,4960,SATTUR,2023-03-01,Virudhunagar,Tamil Nadu,1160.0,24279.0,2023.0
509,TAMIL NADU,4961,ARUPPUKOTTAI,2023-03-01,Virudhunagar,Tamil Nadu,1158.0,24279.0,2023.0
509,TAMIL NADU,4962,BHAVANI,2023-03-01,Erode,Tamil Nadu,1036.0,24279.0,2023.0
509,TAMIL NADU,4963,THALAVADI,2023-03-01,Erode,Tamil Nadu,1046.0,24279.0,2023.0
509,TAMIL NADU,4964,VELLANKOIL,2023-03-01,Erode,Tamil Nadu,1047.0,24279.0,2023.0
509,TAMIL NADU,4965,SEVUR,2023-03-01,Tiruppur,Tamil Nadu,1126.0,24279.0,2023.0
509,TAMIL NADU,4967,MANAPPARAI,2023-03-01,Tiruchirapalli,Tamil Nadu,1114.0,24279.0,2023.0
509,TAMIL NADU,4966,TIRUCHIRAPALLI,2023-03-01,Tiruchirapalli,Tamil Nadu,1117.0,24279.0,2023.0
509,TAMIL NADU,4968,THAMMAMPATTI,2023-03-01,Salem,Tamil Nadu,1089.0,24279.0,2023.0
509,TAMIL NADU,4969,KARUMANDURAI,2023-03-01,Salem,Tamil Nadu,1084.0,24279.0,2023.0
509,TAMIL NADU,4970,OMALUR,2023-03-01,Salem,Tamil Nadu,1087.0,24279.0,2023.0
509,TAMIL NADU,4971,THIRUMANGALAM,2023-03-01,Madurai,Tamil Nadu,1060.0,24279.0,2023.0
509,TAMIL NADU,4972,ILUPPUR,2023-03-01,Pudukkottai,Tamil Nadu,1073.0,24279.0,2023.0
509,TAMIL NADU,4973,PERUMBALUR,2023-03-01,South Andaman,Andaman & Nicobar Islands,1.0,24279.0,2023.0
509,TAMIL NADU,4974,SENJERI MALAIYADIPALAYAM,2023-03-01,South Andaman,Andaman & Nicobar Islands,1.0,24279.0,2023.0
509,TAMIL NADU,4975,THONDAMUTHUR,2023-03-01,Coimbatore,Tamil Nadu,1013.0,24279.0,2023.0
509,TAMIL NADU,4976,COIMBATORE,2023-03-01,Coimbatore,Tamil Nadu,1007.0,24279.0,2023.0
509,TAMIL NADU,4977,SULUR,2023-03-01,Coimbatore,Tamil Nadu,1012.0,24279.0,2023.0
509,TAMIL NADU,4990,VADAMADURAI,2023-03-01,Dindigul,Tamil Nadu,1033.0,24279.0,2023.0
509,TAMIL NADU,4991,THIRUVALLUR,2023-03-01,Kancheepuram,Tamil Nadu,1053.0,24279.0,2023.0
509,TAMIL NADU,4992,UTHIRAMERUR,2023-03-01,Kancheepuram,Tamil Nadu,1055.0,24279.0,2023.0
509,TAMIL NADU,4993,TIRUTTANI,2023-03-01,Kancheepuram,Tamil Nadu,1054.0,24279.0,2023.0
509,TAMIL NADU,4994,PALACODE,2023-03-01,Dharmapuri,Tamil Nadu,1025.0,24279.0,2023.0
509,TAMIL NADU,4996,KRISHNAGIRI,2023-03-01,Dharmapuri,Tamil Nadu,1024.0,24279.0,2023.0
509,TAMIL NADU,5005,DHARMAPURI,2023-03-01,Dharmapuri,Tamil Nadu,1021.0,24279.0,2023.0
509,TAMIL NADU,5006,HOSUR,2023-03-01,Dharmapuri,Tamil Nadu,1023.0,24279.0,2023.0
28,TELANGANA,87,ACHAMPET,2018-10-01,Nagarkurnool,Telangana,1185.0,24226.0,2018.0
509,TAMIL NADU,5007,THURAIYUR,2023-03-01,Tiruchirapalli,Tamil Nadu,1115.0,24279.0,2023.0
509,TAMIL NADU,5008,KINATHUKADAVU,2023-03-01,Coimbatore,Tamil Nadu,1008.0,24279.0,2023.0
28,TELANGANA,62,ADILABAD,,Adilabad,Telangana,1162.0,,
28,TELANGANA,98,ATMAKUR,2018-10-01,South Andaman,Andaman & Nicobar Islands,1.0,24226.0,2018.0
28,TELANGANA,31,BADEPALLY,2018-10-01,Mahbubnagar,Telangana,1181.0,24226.0,2018.0
28,TELANGANA,63,BHAINSA,2018-10-01,Nirmal,Telangana,1194.0,24226.0,2018.0
28,TELANGANA,83,CHOPPADANDI,2018-10-01,Karimnagar,Telangana,1173.0,24226.0,2018.0
28,TELANGANA,99,DEVARAKADRA,2018-10-01,Mahbubnagar,Telangana,1182.0,24226.0,2018.0
28,TELANGANA,962,BOWENPALLY,2020-05-01,Secundrabad,Telangana,1204.0,24245.0,2020.0
28,TELANGANA,71,DEVARAKONDA,2020-06-01,South Andaman,Andaman & Nicobar Islands,1.0,24246.0,2020.0
28,TELANGANA,73,GADWAL,2018-10-01,Jogulamba Gadwal,Telangana,1170.0,24226.0,2018.0
28,TELANGANA,959,ECHODA,2020-05-01,Adilabad,Telangana,1163.0,24245.0,2020.0
28,TELANGANA,960,ENKOOR,2020-05-01,Khammam,Telangana,1177.0,24245.0,2020.0
28,TELANGANA,961,GADDIANNARAM,2020-05-01,Rangareddy (Rajendranagar),Telangana,1197.0,24245.0,2020.0
28,TELANGANA,88,GANGADHARA,,Karimnagar,Telangana,1174.0,,
28,TELANGANA,79,GAJWEL,2018-10-01,Siddipet,Telangana,1205.0,24226.0,2018.0
28,TELANGANA,94,GOLLAPALLY,2018-10-01,Jagtial,Telangana,1166.0,24226.0,2018.0
28,TELANGANA,49,HYDERABAD,2018-10-01,South Andaman,Andaman & Nicobar Islands,1.0,24226.0,2018.0
28,TELANGANA,84,JAGTIAL,2018-10-01,Jagtial,Telangana,1167.0,24226.0,2018.0
28,TELANGANA,963,GUDIMALKAPUR,2020-05-01,Hyderabad,Telangana,1164.0,24245.0,2020.0
28,TELANGANA,964,HUSNABAD,2020-05-01,Siddipet,Telangana,1206.0,24245.0,2020.0
28,TELANGANA,65,JAMMIKUNTA,2018-10-01,Karimnagar,Telangana,1175.0,24226.0,2018.0
28,TELANGANA,80,KAMAREDDY,,Kamareddy,Telangana,1171.0,,
28,TELANGANA,92,JOGIPET,2018-10-01,Sanga Reddy,Telangana,1200.0,24226.0,2018.0
28,TELANGANA,85,KALWAKURTHY,2019-02-01,Nagarkurnool,Telangana,1186.0,24230.0,2019.0
28,TELANGANA,75,JANGAON,2019-08-01,Jangaon,Telangana,1169.0,24236.0,2019.0
28,TELANGANA,64,KARIMNAGAR,2018-10-01,Karimnagar,Telangana,1176.0,24226.0,2018.0
28,TELANGANA,76,KESAMUDRAM,2018-10-01,Mahabubabad,Telangana,1179.0,24226.0,2018.0
28,TELANGANA,61,KHAMMAM,2018-10-01,Khammam,Telangana,1178.0,24226.0,2018.0
28,TELANGANA,535,MAHABUBABAD,2018-10-01,Mahabubabad,Telangana,1180.0,24226.0,2018.0
28,TELANGANA,77,MAHBUBNAGAR,2018-10-01,Mahbubnagar,Telangana,1183.0,24226.0,2018.0
28,TELANGANA,966,MADNOOR,2020-05-01,Kamareddy,Telangana,1172.0,24245.0,2020.0
28,TELANGANA,90,MAKTHAL,2019-05-01,Narayanpet,Telangana,1192.0,24233.0,2019.0
28,TELANGANA,97,METPALLY,2019-02-01,Jagtial,Telangana,1168.0,24230.0,2019.0
28,TELANGANA,89,NAKREKAL,,Nalgonda,Telangana,1190.0,,
28,TELANGANA,78,NAGARKURNOOL,2018-10-01,Nagarkurnool,Telangana,1187.0,24226.0,2018.0
28,TELANGANA,67,MIRYALAGUDA,2021-09-01,Nalgonda,Telangana,1189.0,24261.0,2021.0
28,TELANGANA,93,NARAYANPET,2018-10-01,Narayanpet,Telangana,1193.0,24226.0,2018.0
28,TELANGANA,68,NARSAMPET,2018-10-01,Warangal Rural,Telangana,1216.0,24226.0,2018.0
28,TELANGANA,540,NAWABPET,2018-10-01,Mahbubnagar,Telangana,1184.0,24226.0,2018.0
28,TELANGANA,967,NALGONDA,2020-05-01,Nalgonda,Telangana,1191.0,24245.0,2020.0
28,TELANGANA,30,NIZAMABAD,2018-10-01,Nizamabad,Telangana,1195.0,24226.0,2018.0
28,TELANGANA,74,PEDDAPALLI,2018-10-01,Peddapalli,Telangana,1196.0,24226.0,2018.0
28,TELANGANA,66,SADASIVPET,2018-10-01,Sanga Reddy,Telangana,1201.0,24226.0,2018.0
28,TELANGANA,968,PARGI,2020-05-01,Vikarabad,Telangana,1210.0,24245.0,2020.0
28,TELANGANA,969,PARKAL,2020-05-01,Warangal Rural,Telangana,1217.0,24245.0,2020.0
28,TELANGANA,69,SHADNAGAR,2018-10-01,Rangareddy (Rajendranagar),Telangana,1198.0,24226.0,2018.0
28,TELANGANA,96,SHANKARAPALLY,2018-10-01,Rangareddy (Rajendranagar),Telangana,1199.0,24226.0,2018.0
28,TELANGANA,70,SIDDIPET,2018-10-01,Siddipet,Telangana,1207.0,24226.0,2018.0
28,TELANGANA,72,SURYAPETA,2018-10-01,South Andaman,Andaman & Nicobar Islands,1.0,24226.0,2018.0
28,TELANGANA,82,TANDUR,2018-10-01,Vikarabad,Telangana,1211.0,24226.0,2018.0
28,TELANGANA,48,TIRUMALGIRI,2018-10-01,Suryapet,Telangana,1209.0,24226.0,2018.0
28,TELANGANA,539,VATPALLY,2018-11-01,Sanga Reddy,Telangana,1202.0,24227.0,2018.0
28,TELANGANA,91,VIKARABAD,2018-10-01,Vikarabad,Telangana,1212.0,24226.0,2018.0
28,TELANGANA,95,WANAPARTHY ROAD,2018-11-01,Wanaparthy,Telangana,1213.0,24227.0,2018.0
28,TELANGANA,86,WANAPARTHY TOWN,2018-10-01,Wanaparthy,Telangana,1214.0,24226.0,2018.0
28,TELANGANA,29,WARANGAL,2018-10-01,Warangal Urban,Telangana,1218.0,24226.0,2018.0
28,TELANGANA,81,ZAHEERABAD,2018-10-01,Sanga Reddy,Telangana,1203.0,24226.0,2018.0
36,TRIPURA,4168,KULAI,2022-07-01,Dhalai,Tripura,1219.0,24271.0,2022.0
36,TRIPURA,4148,MOHANPUR,2022-07-01,West Tripura,Tripura,1225.0,24271.0,2022.0
36,TRIPURA,4167,PABIACHERRA,2022-07-01,Unakoti,Tripura,1224.0,24271.0,2022.0
36,TRIPURA,4149,PANISAGAR,2022-07-01,Gomati,Tripura,1220.0,24271.0,2022.0
36,TRIPURA,4150,SANTIRBAZAR,2022-07-01,South Tripura,Tripura,1223.0,24271.0,2022.0
36,TRIPURA,4151,SONAMURA,2022-07-01,Sepahijala,Tripura,1222.0,24271.0,2022.0
46,UTTAR PRADESH,970,ACHHALDA APMC,2020-04-01,Auraiya,Uttar Pradesh,1236.0,24244.0,2020.0
36,TRIPURA,4152,TELIAMURA,2022-07-01,Khowani,Tripura,1221.0,24271.0,2022.0
46,UTTAR PRADESH,475,ACHNERA,2018-10-01,South Andaman,Andaman & Nicobar Islands,1.0,24226.0,2018.0
46,UTTAR PRADESH,183,AGRA,2018-10-01,Agra,Uttar Pradesh,1227.0,24226.0,2018.0
46,UTTAR PRADESH,476,AJUHA,2018-10-01,Kaushambi,Uttar Pradesh,1304.0,24226.0,2018.0
46,UTTAR PRADESH,186,AKBARPUR,2018-10-01,Ambedkar Nagar,Uttar Pradesh,1232.0,24226.0,2018.0
46,UTTAR PRADESH,195,ALIGARH,2018-10-01,Aligarh,Uttar Pradesh,1229.0,24226.0,2018.0
46,UTTAR PRADESH,211,AURAIYA,2018-10-01,Auraiya,Uttar Pradesh,1237.0,24226.0,2018.0
46,UTTAR PRADESH,971,AMROHA APMC,2020-04-01,Amroha,Uttar Pradesh,1234.0,24244.0,2020.0
46,UTTAR PRADESH,972,ANAND NAGAR APMC,2020-04-01,Maharajganj,Uttar Pradesh,1311.0,24244.0,2020.0
46,UTTAR PRADESH,973,ATARRA APMC,2020-04-01,Banda,Uttar Pradesh,1250.0,24244.0,2020.0
46,UTTAR PRADESH,205,AZAMGARH,2018-10-01,Azamgarh,Uttar Pradesh,1239.0,24226.0,2018.0
46,UTTAR PRADESH,212,BADAUN,2018-10-01,Badaun,Uttar Pradesh,1240.0,24226.0,2018.0
46,UTTAR PRADESH,58,BAHRAICH,2018-10-01,Bahraich,Uttar Pradesh,1244.0,24226.0,2018.0
46,UTTAR PRADESH,477,BALLIA,2018-10-01,Ballia,Uttar Pradesh,1246.0,24226.0,2018.0
46,UTTAR PRADESH,192,AYODHYA,2020-01-01,Ayodhya,Uttar Pradesh,1238.0,24241.0,2020.0
46,UTTAR PRADESH,478,BANDA,2018-10-01,Banda,Uttar Pradesh,1251.0,24226.0,2018.0
46,UTTAR PRADESH,161,BANGARMAU,2018-10-01,Unnao,Uttar Pradesh,1348.0,24226.0,2018.0
46,UTTAR PRADESH,974,BALRAMPUR APMC,2020-04-01,Balrampur,Uttar Pradesh,1248.0,24244.0,2020.0
46,UTTAR PRADESH,206,BARABANKI,2018-10-01,Barabanki,Uttar Pradesh,1252.0,24226.0,2018.0
46,UTTAR PRADESH,207,BAREILLY,2018-10-01,Bareilly,Uttar Pradesh,1254.0,24226.0,2018.0
46,UTTAR PRADESH,208,BASTI,2018-10-01,Basti,Uttar Pradesh,1255.0,24226.0,2018.0
46,UTTAR PRADESH,479,BHARTHANA,2018-10-01,Etawah,Uttar Pradesh,1263.0,24226.0,2018.0
46,UTTAR PRADESH,480,BHARUASUMERPUR,2018-10-01,Hamirpur,Uttar Pradesh,1282.0,24226.0,2018.0
46,UTTAR PRADESH,482,BILSI,2018-10-01,Badaun,Uttar Pradesh,1241.0,24226.0,2018.0
46,UTTAR PRADESH,483,BINDIKI,2018-10-01,South Andaman,Andaman & Nicobar Islands,1.0,24226.0,2018.0
46,UTTAR PRADESH,213,BISALPUR,2018-10-01,Pilibhit,Uttar Pradesh,1326.0,24226.0,2018.0
46,UTTAR PRADESH,310,BULANDSHAHAR,2018-10-01,South Andaman,Andaman & Nicobar Islands,1.0,24226.0,2018.0
46,UTTAR PRADESH,172,CHANDAULI,2018-10-01,Chandauli,Uttar Pradesh,1260.0,24226.0,2018.0
46,UTTAR PRADESH,484,CHARRA,2018-10-01,South Andaman,Andaman & Nicobar Islands,1.0,24226.0,2018.0
46,UTTAR PRADESH,184,CHAUBEPUR,2018-10-01,Kanpur Nagar,Uttar Pradesh,1301.0,24226.0,2018.0
46,UTTAR PRADESH,209,CHANDAUSI,2018-10-01,Moradabad,Uttar Pradesh,1323.0,24226.0,2018.0
46,UTTAR PRADESH,188,CHIBRAMAU,2018-10-01,Kannauj,Uttar Pradesh,1299.0,24226.0,2018.0
46,UTTAR PRADESH,485,DADRI UP,2018-10-01,South Andaman,Andaman & Nicobar Islands,1.0,24226.0,2018.0
46,UTTAR PRADESH,191,ETAH,2018-10-01,Mainpuri,Uttar Pradesh,1315.0,24226.0,2018.0
46,UTTAR PRADESH,214,DEORIA,2018-10-01,Deoria,Uttar Pradesh,1262.0,24226.0,2018.0
46,UTTAR PRADESH,215,ETAWAH,2018-10-01,Etawah,Uttar Pradesh,1264.0,24226.0,2018.0
46,UTTAR PRADESH,486,FARRUKHABAD,2018-10-01,Farrukhabad,Uttar Pradesh,1265.0,24226.0,2018.0
46,UTTAR PRADESH,487,FATEHPUR SIKRI,2018-10-01,Agra,Uttar Pradesh,1228.0,24226.0,2018.0
46,UTTAR PRADESH,975,FATEHPUR APMC,2020-04-01,South Andaman,Andaman & Nicobar Islands,1.0,24244.0,2020.0
46,UTTAR PRADESH,193,GHAZIABAD,2018-10-01,Ghaziabad,Uttar Pradesh,1276.0,24226.0,2018.0
46,UTTAR PRADESH,488,GHIROR,2018-10-01,Mainpuri,Uttar Pradesh,1316.0,24226.0,2018.0
46,UTTAR PRADESH,976,FIROZABAD APMC,2020-04-01,Firozabad,Uttar Pradesh,1270.0,24244.0,2020.0
46,UTTAR PRADESH,194,GONDA,2018-10-01,Gonda,Uttar Pradesh,1278.0,24226.0,2018.0
46,UTTAR PRADESH,196,GORAKHPUR,2018-10-01,Gorakhpur,Uttar Pradesh,1280.0,24226.0,2018.0
46,UTTAR PRADESH,216,GOLAGOKARNATH,2018-10-01,South Andaman,Andaman & Nicobar Islands,1.0,24226.0,2018.0
46,UTTAR PRADESH,217,HAPUR,2018-10-01,Hapur,Uttar Pradesh,1285.0,24226.0,2018.0
46,UTTAR PRADESH,200,HARDOI,2018-10-01,Hardoi,Uttar Pradesh,1286.0,24226.0,2018.0
46,UTTAR PRADESH,203,HATHRAS,2018-10-01,Hathras,Uttar Pradesh,1290.0,24226.0,2018.0
46,UTTAR PRADESH,204,JAHANGIRABAD,2018-10-01,Bulandshahr,Uttar Pradesh,1258.0,24226.0,2018.0
46,UTTAR PRADESH,218,JAIS,2018-10-01,Amethi,Uttar Pradesh,1233.0,24226.0,2018.0
46,UTTAR PRADESH,977,HASANPUR APMC,2020-04-01,Amroha,Uttar Pradesh,1235.0,24244.0,2020.0
46,UTTAR PRADESH,489,JALAUN,2018-10-01,Jalaun,Uttar Pradesh,1292.0,24226.0,2018.0
46,UTTAR PRADESH,490,JANGIPURA,2018-10-01,Ghazipur,Uttar Pradesh,1277.0,24226.0,2018.0
46,UTTAR PRADESH,978,JALALABAD APMC,2020-04-01,Shahjahanpur,Uttar Pradesh,1338.0,24244.0,2020.0
46,UTTAR PRADESH,219,JHANSI,2018-10-01,Jhansi,Uttar Pradesh,1297.0,24226.0,2018.0
46,UTTAR PRADESH,174,KAIMGANJ,2018-10-01,Farrukhabad,Uttar Pradesh,1266.0,24226.0,2018.0
46,UTTAR PRADESH,173,KANNAUJ,2018-10-01,Kannauj,Uttar Pradesh,1300.0,24226.0,2018.0
46,UTTAR PRADESH,979,JAUNPUR APMC,2020-04-01,Jaunpur,Uttar Pradesh,1295.0,24244.0,2020.0
46,UTTAR PRADESH,175,KANPUR,2018-10-01,Kanpur Nagar,Uttar Pradesh,1302.0,24226.0,2018.0
46,UTTAR PRADESH,176,KASGANJ,2018-10-01,Kasganj,Uttar Pradesh,1303.0,24226.0,2018.0
46,UTTAR PRADESH,177,KHAIR,2018-10-01,Aligarh,Uttar Pradesh,1231.0,24226.0,2018.0
46,UTTAR PRADESH,492,KHALILABAD,2018-10-01,Sant Kabir Nagar,Uttar Pradesh,1337.0,24226.0,2018.0
46,UTTAR PRADESH,980,KARWI APMC,2020-04-01,Chitrakoot,Uttar Pradesh,1261.0,24244.0,2020.0
46,UTTAR PRADESH,493,KHURJA,2018-11-01,Bulandshahr,Uttar Pradesh,1259.0,24227.0,2018.0
46,UTTAR PRADESH,220,KONCH,2018-10-01,Jalaun,Uttar Pradesh,1293.0,24226.0,2018.0
46,UTTAR PRADESH,494,KOPAGANJ,2018-10-01,Mau,Uttar Pradesh,1320.0,24226.0,2018.0
46,UTTAR PRADESH,495,KOSIKALAN,2018-10-01,South Andaman,Andaman & Nicobar Islands,1.0,24226.0,2018.0
46,UTTAR PRADESH,56,LAKHIMPUR,2018-10-01,South Andaman,Andaman & Nicobar Islands,1.0,24226.0,2018.0
46,UTTAR PRADESH,57,LALITPUR,2018-10-01,Lalitpur,Uttar Pradesh,1309.0,24226.0,2018.0
46,UTTAR PRADESH,221,LUCKNOW,2018-10-01,Lucknow,Uttar Pradesh,1310.0,24226.0,2018.0
46,UTTAR PRADESH,222,MADHOGANJ,2018-10-01,Hardoi,Uttar Pradesh,1287.0,24226.0,2018.0
46,UTTAR PRADESH,178,MAHMUDABAD,2018-10-01,Sitapur,Uttar Pradesh,1344.0,24226.0,2018.0
46,UTTAR PRADESH,179,MAHOBA,2018-10-01,Mahoba,Uttar Pradesh,1314.0,24226.0,2018.0
46,UTTAR PRADESH,181,MAINPURI,2018-10-01,Mainpuri,Uttar Pradesh,1317.0,24226.0,2018.0
46,UTTAR PRADESH,51,MATHURA,2018-10-01,Mathura,Uttar Pradesh,1319.0,24226.0,2018.0
46,UTTAR PRADESH,496,MAURANIPUR,2018-10-01,Jhansi,Uttar Pradesh,1298.0,24226.0,2018.0
46,UTTAR PRADESH,182,MEERUT,2018-10-01,Meerut,Uttar Pradesh,1321.0,24226.0,2018.0
46,UTTAR PRADESH,497,MILAK,2018-10-01,Rampur,Uttar Pradesh,1333.0,24226.0,2018.0
46,UTTAR PRADESH,498,MIRZAPUR,2018-10-01,Mirzapur,Uttar Pradesh,1322.0,24226.0,2018.0
46,UTTAR PRADESH,185,MORADABAD,2018-10-01,Moradabad,Uttar Pradesh,1324.0,24226.0,2018.0
46,UTTAR PRADESH,499,MUSKERA,2018-10-01,Hamirpur,Uttar Pradesh,1283.0,24226.0,2018.0
46,UTTAR PRADESH,187,MUZZAFFARNAGAR,2018-10-01,South Andaman,Andaman & Nicobar Islands,1.0,24226.0,2018.0
46,UTTAR PRADESH,981,MOHAMADABAD APMC,2020-04-01,South Andaman,Andaman & Nicobar Islands,1.0,24244.0,2020.0
46,UTTAR PRADESH,500,NAANPARA,2018-10-01,South Andaman,Andaman & Nicobar Islands,1.0,24226.0,2018.0
46,UTTAR PRADESH,982,NAJIBABAD APMC,2020-04-01,Bijnor,Uttar Pradesh,1256.0,24244.0,2020.0
46,UTTAR PRADESH,983,NAUGARH APMC,2020-04-01,Siddharth Nagar,Uttar Pradesh,1342.0,24244.0,2020.0
46,UTTAR PRADESH,984,NAUTANWA APMC,2020-04-01,Maharajganj,Uttar Pradesh,1312.0,24244.0,2020.0
46,UTTAR PRADESH,985,NAWABGANJ APMC,2020-04-01,Gonda,Uttar Pradesh,1279.0,24244.0,2020.0
46,UTTAR PRADESH,502,PALIA KALAN,2018-10-01,Lakhimpur Kheri,Uttar Pradesh,1307.0,24226.0,2018.0
46,UTTAR PRADESH,190,PARTAWAL,2018-10-01,Maharajganj,Uttar Pradesh,1313.0,24226.0,2018.0
46,UTTAR PRADESH,223,PILIBHIT,2018-10-01,Pilibhit,Uttar Pradesh,1327.0,24226.0,2018.0
46,UTTAR PRADESH,986,NOIDA APMC,2020-04-01,Gautam Buddh Nagar,Uttar Pradesh,1275.0,24244.0,2020.0
46,UTTAR PRADESH,224,POWAYAN,2018-10-01,Shahjahanpur,Uttar Pradesh,1339.0,24226.0,2018.0
46,UTTAR PRADESH,180,PRATAPGARH,2018-10-01,Pratapgarh,Uttar Pradesh,1329.0,24226.0,2018.0
46,UTTAR PRADESH,225,PURANPUR,2018-10-01,Pilibhit,Uttar Pradesh,1328.0,24226.0,2018.0
46,UTTAR PRADESH,226,RAE BARELI,2018-10-01,Rae Bareli,Uttar Pradesh,1331.0,24226.0,2018.0
46,UTTAR PRADESH,160,RAMPUR,2018-10-01,Rampur,Uttar Pradesh,1334.0,24226.0,2018.0
46,UTTAR PRADESH,481,RAMPUR BILASPUR,2018-10-01,South Andaman,Andaman & Nicobar Islands,1.0,24226.0,2018.0
46,UTTAR PRADESH,210,PRAYAGRAJ,2020-01-01,Prayagraj,Uttar Pradesh,1330.0,24241.0,2020.0
46,UTTAR PRADESH,197,RATH,2018-10-01,Hamirpur,Uttar Pradesh,1284.0,24226.0,2018.0
46,UTTAR PRADESH,198,ROBERTSGANJ,2018-10-01,Sonbhadra,Uttar Pradesh,1346.0,24226.0,2018.0
46,UTTAR PRADESH,987,RASRA APMC,2020-04-01,Ballia,Uttar Pradesh,1247.0,24244.0,2020.0
46,UTTAR PRADESH,199,SAFDARGANJ,2018-10-01,Barabanki,Uttar Pradesh,1253.0,24226.0,2018.0
46,UTTAR PRADESH,50,SAHARANPUR,2018-10-01,Saharanpur,Uttar Pradesh,1335.0,24226.0,2018.0
46,UTTAR PRADESH,988,SADABAD APMC,2020-04-01,Hathras,Uttar Pradesh,1291.0,24244.0,2020.0
46,UTTAR PRADESH,227,SAHIYAPUR,2018-10-01,Siddharth Nagar,Uttar Pradesh,1343.0,24226.0,2018.0
46,UTTAR PRADESH,491,SHAGANJ,2018-10-01,Jaunpur,Uttar Pradesh,1296.0,24226.0,2018.0
46,UTTAR PRADESH,989,SAHJANWA APMC,2020-04-01,Gorakhpur,Uttar Pradesh,1281.0,24244.0,2020.0
46,UTTAR PRADESH,990,SAMBHAL APMC,2020-04-01,Sambhal,Uttar Pradesh,1336.0,24244.0,2020.0
46,UTTAR PRADESH,991,SANDILA APMC,2020-04-01,Hardoi,Uttar Pradesh,1288.0,24244.0,2020.0
46,UTTAR PRADESH,503,SHAHBAD HARDOI,2018-10-01,South Andaman,Andaman & Nicobar Islands,1.0,24226.0,2018.0
46,UTTAR PRADESH,228,SHAHJAHANPUR,2018-10-01,Shahjahanpur,Uttar Pradesh,1340.0,24226.0,2018.0
46,UTTAR PRADESH,504,SHAMLI,2018-10-01,Shamli,Uttar Pradesh,1341.0,24226.0,2018.0
46,UTTAR PRADESH,505,SHIKOHABAD,2018-10-01,Firozabad,Uttar Pradesh,1271.0,24226.0,2018.0
46,UTTAR PRADESH,229,SIRSAGANJ,2018-10-01,Firozabad,Uttar Pradesh,1272.0,24226.0,2018.0
46,UTTAR PRADESH,201,SITAPUR,2018-10-01,Sitapur,Uttar Pradesh,1345.0,24226.0,2018.0
46,UTTAR PRADESH,55,SULTANPUR,2018-10-01,Sultanpur,Uttar Pradesh,1347.0,24226.0,2018.0
46,UTTAR PRADESH,506,TIKUNIYA,2018-10-01,Lakhimpur Kheri,Uttar Pradesh,1308.0,24226.0,2018.0
46,UTTAR PRADESH,507,TUNDLA,2018-10-01,Firozabad,Uttar Pradesh,1273.0,24226.0,2018.0
46,UTTAR PRADESH,508,UJHANI,2018-10-01,Badaun,Uttar Pradesh,1242.0,24226.0,2018.0
46,UTTAR PRADESH,992,TULSIPUR APMC,2020-04-01,Balrampur,Uttar Pradesh,1249.0,24244.0,2020.0
46,UTTAR PRADESH,501,URAI,2018-10-01,Jalaun,Uttar Pradesh,1294.0,24226.0,2018.0
46,UTTAR PRADESH,202,VARANASI,2018-10-01,Varanasi,Uttar Pradesh,1350.0,24226.0,2018.0
46,UTTAR PRADESH,993,UNNAO APMC,2020-04-01,Unnao,Uttar Pradesh,1349.0,24244.0,2020.0
385,UTTARAKHAND,648,BAZPUR,2018-10-01,Udham Singh Nagar,Uttarakhand,1362.0,24226.0,2018.0
385,UTTARAKHAND,639,DEHRADUN,2018-10-01,Dehradun,Uttarakhand,1351.0,24226.0,2018.0
385,UTTARAKHAND,435,GADARPUR,2018-10-01,Udham Singh Nagar,Uttarakhand,1363.0,24226.0,2018.0
46,UTTAR PRADESH,994,WAZIRGANJ APMC,2020-04-01,Badaun,Uttar Pradesh,1243.0,24244.0,2020.0
385,UTTARAKHAND,643,HALDWANI,2018-10-01,Nainital,Uttarakhand,1359.0,24226.0,2018.0
385,UTTARAKHAND,438,HARIDWAR,2018-10-01,Haridwar,Uttarakhand,1355.0,24226.0,2018.0
385,UTTARAKHAND,649,JASPUR,2018-10-01,Udham Singh Nagar,Uttarakhand,1364.0,24226.0,2018.0
385,UTTARAKHAND,434,KASHIPUR,2018-10-01,Udham Singh Nagar,Uttarakhand,1365.0,24226.0,2018.0
385,UTTARAKHAND,645,KHATIMA,2018-10-01,Udham Singh Nagar,Uttarakhand,1366.0,24226.0,2018.0
385,UTTARAKHAND,436,KICHHA,2018-10-01,Udham Singh Nagar,Uttarakhand,1367.0,24226.0,2018.0
385,UTTARAKHAND,647,NANAKMATTA,2018-10-01,Udham Singh Nagar,Uttarakhand,1368.0,24226.0,2018.0
385,UTTARAKHAND,644,RAMNAGAR,2018-10-01,Nainital,Uttarakhand,1360.0,24226.0,2018.0
385,UTTARAKHAND,641,RISHIKESH,2018-10-01,Dehradun,Uttarakhand,1352.0,24226.0,2018.0
385,UTTARAKHAND,642,ROORKEE,2018-10-01,Haridwar,Uttarakhand,1358.0,24226.0,2018.0
385,UTTARAKHAND,646,RUDRAPUR,2018-10-01,Udham Singh Nagar,Uttarakhand,1369.0,24226.0,2018.0
385,UTTARAKHAND,437,SITARGANJ,2018-10-01,Udham Singh Nagar,Uttarakhand,1370.0,24226.0,2018.0
569,WEST BENGAL,586,BAGDA KRISHAK BAZAR,2018-11-01,North 24 Parganas,West Bengal,1384.0,24227.0,2018.0
385,UTTARAKHAND,640,VIKASNAGAR,2018-10-01,Dehradun,Uttarakhand,1353.0,24226.0,2018.0
569,WEST BENGAL,580,BISHNUPUR,2018-10-01,South Andaman,Andaman & Nicobar Islands,1.0,24226.0,2018.0
569,WEST BENGAL,585,FALAKATA,2018-10-01,South Andaman,Andaman & Nicobar Islands,1.0,24226.0,2018.0
569,WEST BENGAL,572,BETHUADAHARI PRINCIPAL MARKET YARD,2020-06-01,Nadia,West Bengal,1381.0,24246.0,2020.0
569,WEST BENGAL,575,DHUPGURI PRINCIPAL MARKET YARD,2020-06-01,Jalpaiguri,West Bengal,1377.0,24246.0,2020.0
569,WEST BENGAL,583,GANGARAMPUR,2018-11-01,South Andaman,Andaman & Nicobar Islands,1.0,24227.0,2018.0
569,WEST BENGAL,574,ISLAMPUR PRINCIPAL MARKET YARD,2018-10-01,Uttar Dinajpur,West Bengal,1388.0,24226.0,2018.0
569,WEST BENGAL,576,JIYAGANJ KRISHAK BAZAR,2018-11-01,Murshidabad,West Bengal,1379.0,24227.0,2018.0
569,WEST BENGAL,579,KALNA SUB MARKET YARD,2018-10-01,Purba Bardhaman,West Bengal,1385.0,24226.0,2018.0
569,WEST BENGAL,571,KARIMPUR SUBMARKET YARD,2018-10-01,Nadia,West Bengal,1382.0,24226.0,2018.0
569,WEST BENGAL,570,MOHAMAD BAZAR KRISHAK BAZAR,2018-10-01,Birbhum,West Bengal,1373.0,24226.0,2018.0
569,WEST BENGAL,573,NAKASHIPARA KRISHAK BAZAR,2018-10-01,Nadia,West Bengal,1383.0,24226.0,2018.0
569,WEST BENGAL,578,PANSKURA I KRISHAK BAZAR,2018-11-01,Purba Medinipur,West Bengal,1386.0,24227.0,2018.0
569,WEST BENGAL,577,SAMSHERGANJ KRISHAK BAZAR,2018-10-01,Murshidabad,West Bengal,1380.0,24226.0,2018.0
569,WEST BENGAL,584,SHEORAPHULI,2018-10-01,Hooghly,West Bengal,1376.0,24226.0,2018.0
569,WEST BENGAL,581,SILIGURI REGULATED MARKET COMM,2018-10-01,Darjeeling,West Bengal,1375.0,24226.0,2018.0
569,WEST BENGAL,582,SIMLAPAL,2018-10-01,South Andaman,Andaman & Nicobar Islands,1.0,24226.0,2018.0
569,WEST BENGAL,1199,SAMSI SUB MARKET YARD,2020-05-01,Malda,West Bengal,1378.0,24245.0,2020.0
